Amplitude_Deg,Frequency_Hz,Start_Amp_Mult,Start_Freq_Mult,Fell,Distance_Traversed,CoT,Passed
30.0,0.44000000000000006,1.4666666666666668,0.8555555555555555,True,1.1909,0.1948,False
30.0,0.45157894736842114,1.5777777777777777,0.8555555555555555,True,1.4359,0.2343,False
30.0,0.46315789473684216,0.9111111111111112,0.7,True,1.2441,0.2564,False
30.0,0.47473684210526323,1.5777777777777777,0.7777777777777777,True,1.5321,0.1963,False
30.0,0.48631578947368426,1.6888888888888889,0.7,True,1.4769,0.1886,False
30.0,0.49789473684210533,1.6888888888888889,0.7,True,1.2853,0.3402,False
30.0,0.5094736842105264,1.8,0.7,True,1.1354,0.3378,False
30.0,0.5210526315789474,1.6888888888888889,0.9333333333333333,False,0.7291,0.557,False
30.0,0.5326315789473685,1.3555555555555556,1.4,True,1.2309,0.2447,False
30.0,0.5442105263157895,0.9111111111111112,1.1666666666666665,False,1.1484,0.501,False
30.0,0.5557894736842106,1.4666666666666668,0.7,True,1.0661,0.3543,False
30.0,0.5673684210526316,1.1333333333333333,0.9333333333333333,True,1.0135,0.3299,False
30.0,0.5789473684210527,1.4666666666666668,0.7777777777777777,True,1.553,0.2743,False
30.0,0.5905263157894738,1.3555555555555556,0.9333333333333333,True,1.4316,0.2951,False
30.0,0.6021052631578948,1.8,0.7,True,1.3746,0.3349,False
30.0,0.6136842105263158,1.8,0.9333333333333333,True,1.2475,0.3176,False
30.0,0.6252631578947369,1.5777777777777777,1.1666666666666665,False,1.4225,0.3375,False
30.0,0.6368421052631579,1.6888888888888889,1.3222222222222222,True,1.727,0.358,False
30.0,0.648421052631579,1.5777777777777777,1.011111111111111,True,1.5657,0.3607,False
30.0,0.66,1.6888888888888889,1.4,True,1.5373,0.4543,False
30.789473684210527,0.44000000000000006,1.4666666666666668,0.9333333333333333,True,1.4205,0.2327,False
30.789473684210527,0.45157894736842114,1.5777777777777777,0.8555555555555555,True,1.337,0.2761,False
30.789473684210527,0.46315789473684216,1.8,0.7,True,0.9691,0.5992,False
30.789473684210527,0.47473684210526323,1.4666666666666668,1.3222222222222222,True,1.1825,0.273,False
30.789473684210527,0.48631578947368426,1.2444444444444445,1.0888888888888888,True,1.2544,0.2705,False
30.789473684210527,0.49789473684210533,0.9111111111111112,0.8555555555555555,True,1.4173,0.1875,False
30.789473684210527,0.5094736842105264,1.6888888888888889,0.8555555555555555,True,1.326,0.2579,False
30.789473684210527,0.5210526315789474,1.1333333333333333,1.3222222222222222,True,1.1069,0.2877,False
30.789473684210527,0.5326315789473685,1.3555555555555556,0.7777777777777777,True,1.4979,0.2251,False
30.789473684210527,0.5442105263157895,1.4666666666666668,0.7,True,1.1611,0.2976,False
30.789473684210527,0.5557894736842106,1.4666666666666668,1.4,True,1.8326,0.2498,False
30.789473684210527,0.5673684210526316,1.4666666666666668,1.4,False,0.7608,0.6787,False
30.789473684210527,0.5789473684210527,1.0222222222222221,1.3222222222222222,True,1.3595,0.4278,False
30.789473684210527,0.5905263157894738,1.6888888888888889,0.7777777777777777,True,1.3686,0.2806,False
30.789473684210527,0.6021052631578948,1.4666666666666668,0.7777777777777777,True,1.6573,0.3224,False
30.789473684210527,0.6136842105263158,1.3555555555555556,1.011111111111111,True,1.2874,0.3311,False
30.789473684210527,0.6252631578947369,1.4666666666666668,1.1666666666666665,True,1.5169,0.3035,False
30.789473684210527,0.6368421052631579,1.5777777777777777,1.2444444444444445,True,1.7586,0.3516,False
30.789473684210527,0.648421052631579,1.8,1.2444444444444445,True,1.6644,0.4062,False
30.789473684210527,0.66,1.6888888888888889,1.1666666666666665,True,1.75,0.3951,False
31.57894736842105,0.44000000000000006,1.1333333333333333,1.4,True,1.3519,0.2293,False
31.57894736842105,0.45157894736842114,1.6888888888888889,0.9333333333333333,True,1.3692,0.2282,False
31.57894736842105,0.46315789473684216,0.8,0.9333333333333333,True,1.2953,0.183,False
31.57894736842105,0.47473684210526323,0.8,0.9333333333333333,True,1.1267,0.2197,False
31.57894736842105,0.48631578947368426,0.8,0.9333333333333333,True,1.7242,0.2253,False
31.57894736842105,0.49789473684210533,1.2444444444444445,1.4,True,1.4315,0.2152,False
31.57894736842105,0.5094736842105264,1.4666666666666668,0.7777777777777777,True,1.2021,0.2814,False
31.57894736842105,0.5210526315789474,0.8,1.011111111111111,True,1.7035,0.2661,False
31.57894736842105,0.5326315789473685,1.2444444444444445,1.3222222222222222,True,0.9355,0.4689,False
31.57894736842105,0.5442105263157895,1.6888888888888889,1.3222222222222222,False,0.6893,0.5409,False
31.57894736842105,0.5557894736842106,1.5777777777777777,0.7,True,1.3218,0.4897,False
31.57894736842105,0.5673684210526316,0.9111111111111112,1.2444444444444445,True,0.8847,0.3552,False
31.57894736842105,0.5789473684210527,1.0222222222222221,1.2444444444444445,True,1.2531,0.526,False
31.57894736842105,0.5905263157894738,1.8,1.3222222222222222,True,1.2565,0.5106,False
31.57894736842105,0.6021052631578948,1.2444444444444445,0.8555555555555555,True,1.5082,0.3312,False
31.57894736842105,0.6136842105263158,1.1333333333333333,1.4,False,1.5027,0.3034,False
31.57894736842105,0.6252631578947369,1.8,0.9333333333333333,True,1.3441,0.3482,False
31.57894736842105,0.6368421052631579,1.6888888888888889,0.7777777777777777,True,1.6308,0.37,False
31.57894736842105,0.648421052631579,1.5777777777777777,1.4,True,1.7904,0.4037,False
31.57894736842105,0.66,1.4666666666666668,1.1666666666666665,True,1.6321,0.3752,False
32.368421052631575,0.44000000000000006,1.3555555555555556,0.9333333333333333,True,1.4958,0.2346,False
32.368421052631575,0.45157894736842114,1.5777777777777777,0.7,True,1.627,0.2943,False
32.368421052631575,0.46315789473684216,1.4666666666666668,0.8555555555555555,True,1.5525,0.2042,False
32.368421052631575,0.47473684210526323,1.5777777777777777,0.7777777777777777,True,1.4572,0.2133,False
32.368421052631575,0.48631578947368426,1.3555555555555556,0.7777777777777777,True,1.7128,0.3173,False
32.368421052631575,0.49789473684210533,1.8,0.7777777777777777,True,1.3351,0.3696,False
32.368421052631575,0.5094736842105264,1.8,0.7,True,1.6764,0.2974,False
32.368421052631575,0.5210526315789474,0.8,0.7777777777777777,True,1.2977,0.3692,False
32.368421052631575,0.5326315789473685,1.5777777777777777,0.7,True,1.7668,0.3134,False
32.368421052631575,0.5442105263157895,1.3555555555555556,1.011111111111111,True,1.2193,0.3422,False
32.368421052631575,0.5557894736842106,1.3555555555555556,0.7777777777777777,True,1.1882,0.4441,False
32.368421052631575,0.5673684210526316,1.8,0.7,True,1.2669,0.4211,False
32.368421052631575,0.5789473684210527,1.3555555555555556,0.7,True,1.1427,0.5296,False
32.368421052631575,0.5905263157894738,1.0222222222222221,1.2444444444444445,True,1.3585,0.3302,False
32.368421052631575,0.6021052631578948,1.5777777777777777,0.7777777777777777,True,1.8323,0.3025,False
32.368421052631575,0.6136842105263158,1.5777777777777777,1.1666666666666665,True,1.8463,0.2824,False
32.368421052631575,0.6252631578947369,1.4666666666666668,1.0888888888888888,True,1.8079,0.2942,False
32.368421052631575,0.6368421052631579,1.3555555555555556,1.011111111111111,True,1.6898,0.3663,False
32.368421052631575,0.648421052631579,1.3555555555555556,0.9333333333333333,True,1.7603,0.2904,False
32.368421052631575,0.66,1.2444444444444445,1.2444444444444445,True,1.6777,0.3679,False
33.1578947368421,0.44000000000000006,1.6888888888888889,1.011111111111111,True,1.3912,0.2709,False
33.1578947368421,0.45157894736842114,1.2444444444444445,1.011111111111111,True,1.2074,0.363,False
33.1578947368421,0.46315789473684216,1.8,0.7,True,1.4367,0.3365,False
33.1578947368421,0.47473684210526323,1.5777777777777777,0.7777777777777777,True,1.5465,0.2248,False
33.1578947368421,0.48631578947368426,0.8,1.0888888888888888,True,1.7746,0.2419,False
33.1578947368421,0.49789473684210533,1.3555555555555556,0.7777777777777777,True,1.9301,0.2295,False
33.1578947368421,0.5094736842105264,1.2444444444444445,0.7,True,1.7878,0.2801,False
33.1578947368421,0.5210526315789474,1.2444444444444445,0.8555555555555555,True,1.4249,0.3208,False
33.1578947368421,0.5326315789473685,1.4666666666666668,1.4,False,1.6405,0.4761,False
33.1578947368421,0.5442105263157895,1.0222222222222221,1.2444444444444445,False,1.1795,0.6099,False
33.1578947368421,0.5557894736842106,0.8,0.7,False,1.3297,0.335,False
33.1578947368421,0.5673684210526316,1.2444444444444445,0.7777777777777777,True,1.4265,0.3615,False
33.1578947368421,0.5789473684210527,1.4666666666666668,1.0888888888888888,True,1.2668,0.3349,False
33.1578947368421,0.5905263157894738,1.2444444444444445,0.9333333333333333,True,1.9326,0.2865,False
33.1578947368421,0.6021052631578948,0.8,0.7,True,1.8542,0.2734,False
33.1578947368421,0.6136842105263158,1.8,1.0888888888888888,True,1.5728,0.3779,False
33.1578947368421,0.6252631578947369,1.3555555555555556,1.011111111111111,True,1.4102,0.3443,False
33.1578947368421,0.6368421052631579,1.6888888888888889,0.7,True,1.7797,0.3255,False
33.1578947368421,0.648421052631579,1.6888888888888889,0.7,True,1.6567,0.4007,False
33.1578947368421,0.66,1.1333333333333333,1.2444444444444445,False,1.536,0.5389,False
33.94736842105263,0.44000000000000006,1.2444444444444445,0.7777777777777777,True,2.292,0.2509,False
33.94736842105263,0.45157894736842114,1.6888888888888889,0.7777777777777777,True,1.4195,0.2561,False
33.94736842105263,0.46315789473684216,1.4666666666666668,0.8555555555555555,True,1.4798,0.3362,False
33.94736842105263,0.47473684210526323,1.4666666666666668,0.7777777777777777,True,1.5609,0.2023,False
33.94736842105263,0.48631578947368426,1.5777777777777777,0.8555555555555555,True,1.4547,0.2972,False
33.94736842105263,0.49789473684210533,1.3555555555555556,0.7777777777777777,True,2.2918,0.2685,False
33.94736842105263,0.5094736842105264,1.8,1.0888888888888888,True,2.0907,0.2341,False
33.94736842105263,0.5210526315789474,1.6888888888888889,0.7,True,1.508,0.3983,False
33.94736842105263,0.5326315789473685,1.2444444444444445,0.8555555555555555,True,1.5128,0.432,False
33.94736842105263,0.5442105263157895,1.8,1.0888888888888888,False,1.2617,0.4565,False
33.94736842105263,0.5557894736842106,1.3555555555555556,0.8555555555555555,True,0.8283,0.4867,False
33.94736842105263,0.5673684210526316,1.2444444444444445,0.7,True,0.8888,0.4186,False
33.94736842105263,0.5789473684210527,1.8,0.7,True,2.1014,0.2331,False
33.94736842105263,0.5905263157894738,1.3555555555555556,0.9333333333333333,True,1.4773,0.3022,False
33.94736842105263,0.6021052631578948,1.3555555555555556,0.7,True,1.243,0.6556,False
33.94736842105263,0.6136842105263158,0.9111111111111112,0.7,True,1.0968,0.4269,False
33.94736842105263,0.6252631578947369,1.8,1.2444444444444445,True,1.81,0.4664,False
33.94736842105263,0.6368421052631579,1.8,1.3222222222222222,True,1.6086,0.3516,False
33.94736842105263,0.648421052631579,0.9111111111111112,0.9333333333333333,True,1.4191,0.3186,False
33.94736842105263,0.66,1.5777777777777777,1.4,True,1.6132,0.4996,False
34.73684210526316,0.44000000000000006,1.3555555555555556,0.7777777777777777,False,1.8353,0.3417,False
34.73684210526316,0.45157894736842114,1.2444444444444445,0.7777777777777777,True,1.2865,0.2223,False
34.73684210526316,0.46315789473684216,1.6888888888888889,1.011111111111111,True,1.3087,0.2683,False
34.73684210526316,0.47473684210526323,1.2444444444444445,1.4,True,1.4941,0.2739,False
34.73684210526316,0.48631578947368426,1.8,0.7777777777777777,True,1.8435,0.3607,False
34.73684210526316,0.49789473684210533,1.6888888888888889,0.7777777777777777,False,1.7345,0.2707,False
34.73684210526316,0.5094736842105264,1.6888888888888889,0.7,True,1.6732,0.3375,False
34.73684210526316,0.5210526315789474,1.4666666666666668,0.7,True,2.1918,0.2477,False
34.73684210526316,0.5326315789473685,1.8,0.7777777777777777,True,1.3962,0.3832,False
34.73684210526316,0.5442105263157895,0.8,1.2444444444444445,True,1.4377,0.4382,False
34.73684210526316,0.5557894736842106,1.3555555555555556,0.7777777777777777,True,1.3737,0.6053,False
34.73684210526316,0.5673684210526316,1.5777777777777777,0.7777777777777777,True,1.2169,0.4328,False
34.73684210526316,0.5789473684210527,1.2444444444444445,0.7,True,2.9474,0.2727,False
34.73684210526316,0.5905263157894738,1.3555555555555556,0.9333333333333333,True,1.5725,0.5174,False
34.73684210526316,0.6021052631578948,1.5777777777777777,1.1666666666666665,True,1.8833,0.3111,False
34.73684210526316,0.6136842105263158,1.8,1.0888888888888888,True,1.7821,0.2989,False
34.73684210526316,0.6252631578947369,1.4666666666666668,1.2444444444444445,True,1.7709,0.4626,False
34.73684210526316,0.6368421052631579,1.4666666666666668,1.1666666666666665,True,1.8839,0.433,False
34.73684210526316,0.648421052631579,1.8,0.7777777777777777,True,1.4903,0.4398,False
34.73684210526316,0.66,1.6888888888888889,1.4,True,1.544,0.6104,False
35.526315789473685,0.44000000000000006,1.3555555555555556,0.9333333333333333,False,1.509,0.505,False
35.526315789473685,0.45157894736842114,0.9111111111111112,1.3222222222222222,True,1.5513,0.2221,False
35.526315789473685,0.46315789473684216,1.2444444444444445,0.7777777777777777,True,1.2549,0.2414,False
35.526315789473685,0.47473684210526323,1.0222222222222221,1.3222222222222222,True,1.9788,0.3293,False
35.526315789473685,0.48631578947368426,1.6888888888888889,1.4,True,1.4427,0.3309,False
35.526315789473685,0.49789473684210533,1.3555555555555556,0.7777777777777777,True,1.9391,0.2473,False
35.526315789473685,0.5094736842105264,1.2444444444444445,0.7,True,1.4899,0.3352,False
35.526315789473685,0.5210526315789474,1.6888888888888889,0.7777777777777777,True,1.3735,0.3332,False
35.526315789473685,0.5326315789473685,0.9111111111111112,1.2444444444444445,True,1.3896,0.2997,False
35.526315789473685,0.5442105263157895,1.0222222222222221,1.011111111111111,True,1.2349,0.6209,False
35.526315789473685,0.5557894736842106,1.4666666666666668,1.1666666666666665,False,1.8371,0.3658,False
35.526315789473685,0.5673684210526316,1.6888888888888889,1.011111111111111,True,1.4192,0.396,False
35.526315789473685,0.5789473684210527,1.8,1.3222222222222222,True,2.3451,0.3613,False
35.526315789473685,0.5905263157894738,1.2444444444444445,0.7,True,1.8352,0.4017,False
35.526315789473685,0.6021052631578948,1.3555555555555556,1.2444444444444445,True,2.0578,0.2712,False
35.526315789473685,0.6136842105263158,0.9111111111111112,1.3222222222222222,True,1.5844,0.355,False
35.526315789473685,0.6252631578947369,1.5777777777777777,0.7,True,1.7467,0.4411,False
35.526315789473685,0.6368421052631579,0.8,1.4,True,1.762,0.5533,False
35.526315789473685,0.648421052631579,1.8,1.0888888888888888,True,1.5659,0.6158,False
35.526315789473685,0.66,1.1333333333333333,0.9333333333333333,True,1.5335,0.568,False
36.31578947368421,0.44000000000000006,1.6888888888888889,0.8555555555555555,True,1.603,0.4436,False
36.31578947368421,0.45157894736842114,1.5777777777777777,0.7777777777777777,True,1.7708,0.3668,False
36.31578947368421,0.46315789473684216,1.5777777777777777,0.7,True,1.6379,0.2966,False
36.31578947368421,0.47473684210526323,1.6888888888888889,0.9333333333333333,False,2.0521,0.321,True
36.31578947368421,0.48631578947368426,1.2444444444444445,0.8555555555555555,True,2.2025,0.3953,False
36.31578947368421,0.49789473684210533,1.4666666666666668,0.7,True,2.1872,0.2117,False
36.31578947368421,0.5094736842105264,1.5777777777777777,0.7,True,2.3636,0.2542,False
36.31578947368421,0.5210526315789474,1.5777777777777777,0.7,True,1.8819,0.3953,False
36.31578947368421,0.5326315789473685,1.4666666666666668,0.7777777777777777,False,1.6871,0.5696,False
36.31578947368421,0.5442105263157895,0.8,1.011111111111111,True,1.3899,0.4661,False
36.31578947368421,0.5557894736842106,1.1333333333333333,0.7,True,1.9393,0.2954,False
36.31578947368421,0.5673684210526316,1.5777777777777777,1.2444444444444445,True,1.1427,0.4403,False
36.31578947368421,0.5789473684210527,1.6888888888888889,0.8555555555555555,True,2.2248,0.3954,False
36.31578947368421,0.5905263157894738,1.8,0.7,True,1.9674,0.4423,False
36.31578947368421,0.6021052631578948,1.1333333333333333,1.3222222222222222,False,1.6754,0.3753,False
36.31578947368421,0.6136842105263158,1.3555555555555556,0.8555555555555555,False,1.6445,0.4343,False
36.31578947368421,0.6252631578947369,0.8,1.011111111111111,True,1.9712,0.3485,False
36.31578947368421,0.6368421052631579,1.6888888888888889,0.7,True,1.8389,0.3666,False
36.31578947368421,0.648421052631579,1.3555555555555556,1.3222222222222222,True,1.6579,0.4401,False
36.31578947368421,0.66,1.5777777777777777,1.3222222222222222,True,1.7001,0.3972,False
37.10526315789474,0.44000000000000006,1.3555555555555556,1.4,True,1.5822,0.3071,False
37.10526315789474,0.45157894736842114,1.1333333333333333,1.3222222222222222,True,2.0055,0.2869,False
37.10526315789474,0.46315789473684216,1.6888888888888889,1.011111111111111,True,1.9728,0.3626,False
37.10526315789474,0.47473684210526323,1.2444444444444445,1.0888888888888888,True,1.4314,0.4181,False
37.10526315789474,0.48631578947368426,1.3555555555555556,0.8555555555555555,True,1.456,0.306,False
37.10526315789474,0.49789473684210533,1.3555555555555556,0.8555555555555555,True,1.9772,0.2954,False
37.10526315789474,0.5094736842105264,1.2444444444444445,1.0888888888888888,True,1.508,0.4294,False
37.10526315789474,0.5210526315789474,1.6888888888888889,0.8555555555555555,True,1.6478,0.4156,False
37.10526315789474,0.5326315789473685,1.3555555555555556,1.4,True,1.9276,0.3122,False
37.10526315789474,0.5442105263157895,1.4666666666666668,0.7,True,1.4254,0.3676,False
37.10526315789474,0.5557894736842106,1.5777777777777777,1.1666666666666665,True,1.96,0.3904,False
37.10526315789474,0.5673684210526316,1.4666666666666668,1.4,True,1.3703,0.4065,False
37.10526315789474,0.5789473684210527,1.3555555555555556,0.7777777777777777,True,1.5175,0.4349,False
37.10526315789474,0.5905263157894738,1.5777777777777777,1.2444444444444445,True,1.7005,0.4042,False
37.10526315789474,0.6021052631578948,1.1333333333333333,1.1666666666666665,False,1.4347,0.5365,False
37.10526315789474,0.6136842105263158,1.2444444444444445,0.9333333333333333,True,1.4543,0.3861,False
37.10526315789474,0.6252631578947369,1.0222222222222221,1.011111111111111,True,1.4854,0.4263,False
37.10526315789474,0.6368421052631579,1.2444444444444445,1.2444444444444445,True,1.8726,0.5546,False
37.10526315789474,0.648421052631579,1.2444444444444445,1.2444444444444445,False,1.7776,0.5693,False
37.10526315789474,0.66,1.3555555555555556,1.4,True,1.3811,0.516,False
37.89473684210526,0.44000000000000006,1.8,0.8555555555555555,False,1.6275,0.7385,False
37.89473684210526,0.45157894736842114,1.1333333333333333,1.3222222222222222,True,1.9249,0.1903,False
37.89473684210526,0.46315789473684216,1.4666666666666668,1.011111111111111,True,1.7494,0.364,False
37.89473684210526,0.47473684210526323,1.8,0.7777777777777777,True,1.5498,0.4201,False
37.89473684210526,0.48631578947368426,1.8,0.7777777777777777,False,2.3505,0.4983,True
37.89473684210526,0.49789473684210533,1.0222222222222221,1.1666666666666665,True,1.4995,0.359,False
37.89473684210526,0.5094736842105264,1.6888888888888889,0.7777777777777777,True,2.0516,0.2648,False
37.89473684210526,0.5210526315789474,1.2444444444444445,0.7777777777777777,True,2.306,0.3034,False
37.89473684210526,0.5326315789473685,1.3555555555555556,1.3222222222222222,True,1.3285,0.3219,False
37.89473684210526,0.5442105263157895,1.3555555555555556,0.7777777777777777,True,1.8377,0.3472,False
37.89473684210526,0.5557894736842106,1.6888888888888889,0.8555555555555555,True,1.6353,0.4082,False
37.89473684210526,0.5673684210526316,1.8,0.7,True,1.7692,0.4823,False
37.89473684210526,0.5789473684210527,1.2444444444444445,1.2444444444444445,True,2.0466,0.3192,False
37.89473684210526,0.5905263157894738,1.8,0.7,True,2.0478,0.3655,False
37.89473684210526,0.6021052631578948,1.4666666666666668,0.9333333333333333,True,1.3575,0.5249,False
37.89473684210526,0.6136842105263158,1.0222222222222221,1.1666666666666665,False,1.9984,0.5344,False
37.89473684210526,0.6252631578947369,1.1333333333333333,1.011111111111111,True,1.5085,0.3867,False
37.89473684210526,0.6368421052631579,0.9111111111111112,1.4,True,2.3147,0.3883,False
37.89473684210526,0.648421052631579,1.4666666666666668,1.3222222222222222,True,1.43,0.5077,False
37.89473684210526,0.66,1.6888888888888889,0.7,True,1.6414,0.6917,False
38.68421052631579,0.44000000000000006,1.3555555555555556,1.1666666666666665,True,1.9309,0.3503,False
38.68421052631579,0.45157894736842114,1.4666666666666668,1.4,True,1.8994,0.2548,False
38.68421052631579,0.46315789473684216,1.4666666666666668,0.7,True,1.9265,0.2884,False
38.68421052631579,0.47473684210526323,1.2444444444444445,0.7,False,1.8562,0.3258,False
38.68421052631579,0.48631578947368426,1.1333333333333333,0.7,True,1.9208,0.4318,False
38.68421052631579,0.49789473684210533,1.3555555555555556,1.011111111111111,True,2.1317,0.3051,False
38.68421052631579,0.5094736842105264,1.8,1.3222222222222222,True,1.6812,0.5373,False
38.68421052631579,0.5210526315789474,1.4666666666666668,1.0888888888888888,False,1.7211,0.5488,False
38.68421052631579,0.5326315789473685,1.4666666666666668,1.2444444444444445,True,1.219,0.369,False
38.68421052631579,0.5442105263157895,0.9111111111111112,0.8555555555555555,True,1.4289,0.3427,False
38.68421052631579,0.5557894736842106,1.4666666666666668,0.7,True,1.5146,0.5293,False
38.68421052631579,0.5673684210526316,1.8,1.3222222222222222,True,2.7742,0.3607,False
38.68421052631579,0.5789473684210527,1.6888888888888889,0.7777777777777777,True,1.8903,0.3534,False
38.68421052631579,0.5905263157894738,1.8,1.011111111111111,True,3.1075,0.3511,False
38.68421052631579,0.6021052631578948,1.2444444444444445,1.2444444444444445,True,1.7164,0.4169,False
38.68421052631579,0.6136842105263158,1.5777777777777777,0.7,True,1.9382,0.3822,False
38.68421052631579,0.6252631578947369,1.8,1.4,True,3.5582,0.3883,False
38.68421052631579,0.6368421052631579,1.8,1.0888888888888888,True,2.3929,0.4193,False
38.68421052631579,0.648421052631579,1.1333333333333333,1.1666666666666665,True,1.725,0.6408,False
38.68421052631579,0.66,0.9111111111111112,1.2444444444444445,True,1.7016,0.5331,False
39.473684210526315,0.44000000000000006,1.5777777777777777,0.8555555555555555,False,1.6068,0.7104,False
39.473684210526315,0.45157894736842114,1.1333333333333333,0.7777777777777777,True,1.6161,0.2258,False
39.473684210526315,0.46315789473684216,1.0222222222222221,1.3222222222222222,False,2.296,0.3467,True
39.473684210526315,0.47473684210526323,1.5777777777777777,0.7777777777777777,True,1.8066,0.4193,False
39.473684210526315,0.48631578947368426,1.1333333333333333,0.7,False,2.0827,0.4771,True
39.473684210526315,0.49789473684210533,1.3555555555555556,1.011111111111111,True,2.1425,0.3036,False
39.473684210526315,0.5094736842105264,1.6888888888888889,0.7,True,2.1042,0.2979,False
39.473684210526315,0.5210526315789474,1.0222222222222221,1.4,True,1.3501,0.3104,False
39.473684210526315,0.5326315789473685,1.1333333333333333,1.2444444444444445,False,1.5817,0.5894,False
39.473684210526315,0.5442105263157895,1.0222222222222221,0.7777777777777777,True,1.559,0.5185,False
39.473684210526315,0.5557894736842106,1.1333333333333333,0.7777777777777777,True,2.0835,0.4512,False
39.473684210526315,0.5673684210526316,1.8,1.1666666666666665,True,2.8641,0.3685,False
39.473684210526315,0.5789473684210527,1.4666666666666668,1.2444444444444445,True,2.0431,0.4693,False
39.473684210526315,0.5905263157894738,1.2444444444444445,0.7777777777777777,True,1.626,0.4531,False
39.473684210526315,0.6021052631578948,1.2444444444444445,1.3222222222222222,True,1.4661,0.3487,False
39.473684210526315,0.6136842105263158,1.0222222222222221,1.1666666666666665,True,2.0272,0.3887,False
39.473684210526315,0.6252631578947369,0.9111111111111112,1.0888888888888888,False,1.6414,0.4126,False
39.473684210526315,0.6368421052631579,0.8,1.011111111111111,True,1.9742,0.392,False
39.473684210526315,0.648421052631579,1.0222222222222221,1.1666666666666665,True,1.3714,0.4361,False
39.473684210526315,0.66,1.0222222222222221,1.1666666666666665,True,1.7018,0.5112,False
40.26315789473684,0.44000000000000006,1.2444444444444445,1.4,False,2.1969,0.3407,True
40.26315789473684,0.45157894736842114,1.6888888888888889,0.9333333333333333,False,2.204,0.398,True
40.26315789473684,0.46315789473684216,1.4666666666666668,0.8555555555555555,True,1.8383,0.5143,False
40.26315789473684,0.47473684210526323,1.4666666666666668,0.9333333333333333,True,1.5146,0.3288,False
40.26315789473684,0.48631578947368426,1.3555555555555556,0.7,True,1.6479,0.3932,False
40.26315789473684,0.49789473684210533,1.1333333333333333,0.8555555555555555,True,1.5946,0.6216,False
40.26315789473684,0.5094736842105264,1.0222222222222221,0.7777777777777777,True,2.0341,0.3413,False
40.26315789473684,0.5210526315789474,1.0222222222222221,0.7,False,1.8866,0.6033,False
40.26315789473684,0.5326315789473685,1.2444444444444445,1.2444444444444445,True,1.8752,0.2708,False
40.26315789473684,0.5442105263157895,1.8,0.7777777777777777,True,2.2238,0.4022,False
40.26315789473684,0.5557894736842106,1.0222222222222221,0.7,True,1.7001,0.6399,False
40.26315789473684,0.5673684210526316,1.4666666666666668,0.7777777777777777,True,1.5147,0.3856,False
40.26315789473684,0.5789473684210527,1.6888888888888889,0.7777777777777777,True,1.4654,0.5374,False
40.26315789473684,0.5905263157894738,1.5777777777777777,1.3222222222222222,True,1.6322,0.4303,False
40.26315789473684,0.6021052631578948,1.8,0.7,True,1.6985,0.5387,False
40.26315789473684,0.6136842105263158,1.3555555555555556,1.0888888888888888,True,1.9866,0.3066,False
40.26315789473684,0.6252631578947369,1.8,1.2444444444444445,True,1.6452,0.3961,False
40.26315789473684,0.6368421052631579,1.5777777777777777,1.2444444444444445,True,1.3323,0.4183,False
40.26315789473684,0.648421052631579,1.0222222222222221,1.3222222222222222,True,1.7242,0.6683,False
40.26315789473684,0.66,1.8,1.4,True,1.635,0.8381,False
41.05263157894737,0.44000000000000006,1.0222222222222221,0.7777777777777777,False,2.1684,0.3856,True
41.05263157894737,0.45157894736842114,1.0222222222222221,1.3222222222222222,True,1.9507,0.2141,False
41.05263157894737,0.46315789473684216,1.8,1.4,True,1.7086,0.4035,False
41.05263157894737,0.47473684210526323,1.8,0.7777777777777777,True,1.8894,0.3878,False
41.05263157894737,0.48631578947368426,1.6888888888888889,1.0888888888888888,True,1.5171,0.493,False
41.05263157894737,0.49789473684210533,1.4666666666666668,0.9333333333333333,True,1.8244,0.4068,False
41.05263157894737,0.5094736842105264,1.0222222222222221,1.4,True,2.1304,0.3956,False
41.05263157894737,0.5210526315789474,1.3555555555555556,1.4,True,1.8125,0.6829,False
41.05263157894737,0.5326315789473685,1.6888888888888889,1.0888888888888888,False,1.6088,0.5203,False
41.05263157894737,0.5442105263157895,1.2444444444444445,1.0888888888888888,True,1.3286,0.3537,False
41.05263157894737,0.5557894736842106,1.5777777777777777,0.9333333333333333,True,1.6625,0.4034,False
41.05263157894737,0.5673684210526316,0.8,1.011111111111111,True,1.8185,0.4232,False
41.05263157894737,0.5789473684210527,1.0222222222222221,1.3222222222222222,True,1.8771,0.4254,False
41.05263157894737,0.5905263157894738,1.6888888888888889,0.9333333333333333,True,1.4511,0.4888,False
41.05263157894737,0.6021052631578948,1.8,0.7,True,1.8317,0.3707,False
41.05263157894737,0.6136842105263158,1.0222222222222221,1.0888888888888888,True,1.7646,0.4485,False
41.05263157894737,0.6252631578947369,1.8,1.0888888888888888,True,1.4939,0.5854,False
41.05263157894737,0.6368421052631579,1.8,0.9333333333333333,True,1.3646,0.4231,False
41.05263157894737,0.648421052631579,0.8,0.7777777777777777,True,1.0958,0.4561,False
41.05263157894737,0.66,1.1333333333333333,1.4,True,1.4178,0.6058,False
41.8421052631579,0.44000000000000006,1.3555555555555556,1.3222222222222222,True,1.7465,0.3425,False
41.8421052631579,0.45157894736842114,1.6888888888888889,0.7777777777777777,True,1.8526,0.3897,False
41.8421052631579,0.46315789473684216,1.6888888888888889,0.8555555555555555,True,1.7394,0.2638,False
41.8421052631579,0.47473684210526323,1.0222222222222221,0.8555555555555555,True,1.93,0.4225,False
41.8421052631579,0.48631578947368426,0.8,1.011111111111111,True,1.8474,0.354,False
41.8421052631579,0.49789473684210533,1.8,1.011111111111111,True,1.6955,0.4141,False
41.8421052631579,0.5094736842105264,1.3555555555555556,1.4,True,1.6123,0.3167,False
41.8421052631579,0.5210526315789474,1.8,0.9333333333333333,True,1.4602,0.4082,False
41.8421052631579,0.5326315789473685,1.8,1.0888888888888888,True,1.3521,0.4638,False
41.8421052631579,0.5442105263157895,1.6888888888888889,0.7777777777777777,True,1.92,0.3707,False
41.8421052631579,0.5557894736842106,0.9111111111111112,1.2444444444444445,True,1.4556,0.4038,False
41.8421052631579,0.5673684210526316,1.4666666666666668,1.1666666666666665,True,1.4071,0.4086,False
41.8421052631579,0.5789473684210527,1.3555555555555556,1.2444444444444445,True,2.7727,0.4107,False
41.8421052631579,0.5905263157894738,1.8,0.8555555555555555,True,2.1231,0.4127,False
41.8421052631579,0.6021052631578948,1.8,1.011111111111111,True,2.4414,0.5119,False
41.8421052631579,0.6136842105263158,1.4666666666666668,1.2444444444444445,True,1.7049,0.462,False
41.8421052631579,0.6252631578947369,1.5777777777777777,1.0888888888888888,True,1.4779,0.6724,False
41.8421052631579,0.6368421052631579,1.0222222222222221,0.7,True,1.5508,0.4997,False
41.8421052631579,0.648421052631579,1.4666666666666668,1.3222222222222222,True,1.7831,0.7784,False
41.8421052631579,0.66,1.5777777777777777,1.011111111111111,True,1.1075,0.7021,False
42.631578947368425,0.44000000000000006,0.9111111111111112,1.0888888888888888,True,1.7575,0.2994,False
42.631578947368425,0.45157894736842114,0.9111111111111112,1.1666666666666665,False,2.2257,0.4594,True
42.631578947368425,0.46315789473684216,1.6888888888888889,1.2444444444444445,True,1.9093,0.2755,False
42.631578947368425,0.47473684210526323,1.3555555555555556,1.1666666666666665,True,2.2265,0.2749,False
42.631578947368425,0.48631578947368426,1.8,1.1666666666666665,True,2.264,0.2686,False
42.631578947368425,0.49789473684210533,1.6888888888888889,0.7,False,1.9034,0.615,False
42.631578947368425,0.5094736842105264,1.0222222222222221,0.9333333333333333,True,1.3417,0.3619,False
42.631578947368425,0.5210526315789474,1.6888888888888889,1.011111111111111,True,1.9677,0.3454,False
42.631578947368425,0.5326315789473685,1.8,1.3222222222222222,True,1.5269,0.4283,False
42.631578947368425,0.5442105263157895,1.2444444444444445,1.011111111111111,True,2.3893,0.2766,False
42.631578947368425,0.5557894736842106,1.3555555555555556,1.1666666666666665,False,1.4548,0.6318,False
42.631578947368425,0.5673684210526316,1.6888888888888889,0.7,True,1.7281,0.3678,False
42.631578947368425,0.5789473684210527,1.5777777777777777,0.7777777777777777,True,1.7588,0.4044,False
42.631578947368425,0.5905263157894738,1.2444444444444445,0.7,True,1.8033,0.3836,False
42.631578947368425,0.6021052631578948,1.3555555555555556,0.7777777777777777,True,2.0996,0.3891,False
42.631578947368425,0.6136842105263158,1.5777777777777777,0.7,True,1.5019,0.5201,False
42.631578947368425,0.6252631578947369,0.9111111111111112,1.1666666666666665,True,1.5686,0.4289,False
42.631578947368425,0.6368421052631579,1.6888888888888889,0.8555555555555555,True,1.6462,0.4674,False
42.631578947368425,0.648421052631579,1.2444444444444445,0.7777777777777777,True,1.3774,0.5014,False
42.631578947368425,0.66,1.2444444444444445,1.2444444444444445,True,2.1615,0.5467,False
43.421052631578945,0.44000000000000006,1.3555555555555556,1.1666666666666665,True,2.6444,0.2646,False
43.421052631578945,0.45157894736842114,1.6888888888888889,1.4,False,2.7706,0.317,True
43.421052631578945,0.46315789473684216,0.8,1.2444444444444445,True,1.6418,0.3458,False
43.421052631578945,0.47473684210526323,0.8,1.3222222222222222,True,1.7613,0.2897,False
43.421052631578945,0.48631578947368426,1.2444444444444445,0.9333333333333333,True,2.4558,0.3853,False
43.421052631578945,0.49789473684210533,1.0222222222222221,0.7777777777777777,True,2.266,0.2836,False
43.421052631578945,0.5094736842105264,1.5777777777777777,1.3222222222222222,True,1.5906,0.4154,False
43.421052631578945,0.5210526315789474,1.8,1.1666666666666665,True,1.6346,0.3897,False
43.421052631578945,0.5326315789473685,1.8,1.4,True,1.4604,0.4184,False
43.421052631578945,0.5442105263157895,1.3555555555555556,1.3222222222222222,True,1.5032,0.4497,False
43.421052631578945,0.5557894736842106,0.9111111111111112,0.9333333333333333,True,1.6693,0.6044,False
43.421052631578945,0.5673684210526316,1.1333333333333333,1.1666666666666665,True,1.462,0.5059,False
43.421052631578945,0.5789473684210527,1.4666666666666668,1.2444444444444445,True,1.8384,0.3787,False
43.421052631578945,0.5905263157894738,1.0222222222222221,1.1666666666666665,False,2.7353,0.4435,True
43.421052631578945,0.6021052631578948,1.8,1.011111111111111,True,1.3894,0.8052,False
43.421052631578945,0.6136842105263158,1.5777777777777777,0.7777777777777777,True,2.2405,0.4422,False
43.421052631578945,0.6252631578947369,1.2444444444444445,0.8555555555555555,True,1.5714,0.4358,False
43.421052631578945,0.6368421052631579,1.3555555555555556,0.7777777777777777,True,2.223,0.3839,False
43.421052631578945,0.648421052631579,1.6888888888888889,0.8555555555555555,True,1.4584,0.5302,False
43.421052631578945,0.66,0.9111111111111112,1.2444444444444445,True,1.5688,0.4563,False
44.21052631578947,0.44000000000000006,0.8,1.4,False,1.8903,0.4026,False
44.21052631578947,0.45157894736842114,0.9111111111111112,0.8555555555555555,True,1.6844,0.2668,False
44.21052631578947,0.46315789473684216,1.1333333333333333,0.7,True,2.2346,0.3512,False
44.21052631578947,0.47473684210526323,1.1333333333333333,1.3222222222222222,True,2.2582,0.3703,False
44.21052631578947,0.48631578947368426,0.9111111111111112,0.9333333333333333,True,2.3714,0.4478,False
44.21052631578947,0.49789473684210533,1.4666666666666668,0.7,True,1.8052,0.4967,False
44.21052631578947,0.5094736842105264,1.8,1.0888888888888888,True,1.6051,0.52,False
44.21052631578947,0.5210526315789474,0.9111111111111112,1.011111111111111,True,1.4066,0.4419,False
44.21052631578947,0.5326315789473685,0.9111111111111112,1.1666666666666665,True,1.7427,0.5492,False
44.21052631578947,0.5442105263157895,1.2444444444444445,1.1666666666666665,True,1.5772,0.3872,False
44.21052631578947,0.5557894736842106,1.0222222222222221,1.2444444444444445,True,1.2722,0.5466,False
44.21052631578947,0.5673684210526316,1.3555555555555556,1.2444444444444445,True,2.1972,0.5004,False
44.21052631578947,0.5789473684210527,1.2444444444444445,1.0888888888888888,True,1.616,0.471,False
44.21052631578947,0.5905263157894738,1.5777777777777777,1.2444444444444445,True,1.6349,0.5384,False
44.21052631578947,0.6021052631578948,1.0222222222222221,1.4,False,1.61,0.568,False
44.21052631578947,0.6136842105263158,1.3555555555555556,1.4,True,1.8855,0.3172,False
44.21052631578947,0.6252631578947369,1.8,0.8555555555555555,True,1.3944,0.498,False
44.21052631578947,0.6368421052631579,1.0222222222222221,1.3222222222222222,True,1.6532,0.4391,False
44.21052631578947,0.648421052631579,1.4666666666666668,0.7777777777777777,True,1.4446,0.59,False
44.21052631578947,0.66,1.3555555555555556,0.7777777777777777,True,1.6673,0.7398,False
45.0,0.44000000000000006,1.6888888888888889,0.7777777777777777,True,1.6839,0.3669,False
45.0,0.45157894736842114,1.0222222222222221,1.011111111111111,True,2.0782,0.4302,False
45.0,0.46315789473684216,1.1333333333333333,0.8555555555555555,True,1.9489,0.3373,False
45.0,0.47473684210526323,1.1333333333333333,1.2444444444444445,True,1.6514,0.6508,False
45.0,0.48631578947368426,1.4666666666666668,0.8555555555555555,True,1.3946,0.621,False
45.0,0.49789473684210533,1.4666666666666668,0.7777777777777777,True,1.572,0.5333,False
45.0,0.5094736842105264,1.3555555555555556,1.0888888888888888,True,1.9526,0.5478,False
45.0,0.5210526315789474,1.3555555555555556,0.8555555555555555,True,1.7975,0.5663,False
45.0,0.5326315789473685,1.4666666666666668,1.1666666666666665,True,2.5026,0.4027,False
45.0,0.5442105263157895,1.2444444444444445,0.9333333333333333,True,1.7735,0.3751,False
45.0,0.5557894736842106,1.4666666666666668,1.3222222222222222,True,2.4432,0.2882,False
45.0,0.5673684210526316,1.3555555555555556,1.2444444444444445,True,2.1781,0.4639,False
45.0,0.5789473684210527,1.0222222222222221,1.2444444444444445,True,2.3266,0.3552,False
45.0,0.5905263157894738,1.6888888888888889,1.4,True,1.0994,0.4533,False
45.0,0.6021052631578948,1.0222222222222221,1.0888888888888888,True,1.643,0.5728,False
45.0,0.6136842105263158,1.5777777777777777,1.2444444444444445,False,1.2638,1.2442,False
45.0,0.6252631578947369,0.8,1.3222222222222222,True,1.4138,0.5256,False
45.0,0.6368421052631579,1.2444444444444445,1.2444444444444445,True,1.4882,0.4031,False
45.0,0.648421052631579,1.2444444444444445,1.2444444444444445,True,2.2586,0.5658,False
45.0,0.66,1.4666666666666668,0.7777777777777777,True,1.4007,0.7227,False
