Wait_For_Settle,Foot_X,Foot_Y,Kp,Kd,Start_Amp_Mult,Start_Freq_Mult,Amplitude_Deg,Frequency_Hz,Fell,Distance_Traversed,CoT,Settle_Time_S,Passed
True,-0.0304,0.0029,30.33,13.81,1.624,0.769,34.45,0.562,True,0.451,0.3362,9.474,False
False,-0.0304,0.0029,30.33,13.81,1.624,0.769,34.45,0.562,True,0.5334,0.3147,0.0,False
True,0.0047,-0.0167,21.23,10.6,1.671,1.279,30.67,0.575,True,0.6135,0.3335,25.0,False
False,0.0047,-0.0167,21.23,10.6,1.671,1.279,30.67,0.575,False,0.2123,2.6429,0.0,False
True,-0.0688,0.008,39.35,11.22,1.122,0.77,38.61,0.488,True,0.6123,1.278,2.998,False
False,-0.0688,0.008,39.35,11.22,1.122,0.77,38.61,0.488,True,0.5147,2.8676,0.0,False
True,-0.025,-0.0078,22.39,12.35,1.323,1.372,38.22,0.623,True,0.9248,0.8892,12.23,False
False,-0.025,-0.0078,22.39,12.35,1.323,1.372,38.22,0.623,True,0.9929,0.5725,0.0,False
True,-0.0203,0.0017,23.83,12.57,1.54,0.983,24.5,0.476,False,0.2574,1.7297,9.378,False
False,-0.0203,0.0017,23.83,12.57,1.54,0.983,24.5,0.476,False,0.1897,2.6974,0.0,False
True,0.0149,-0.0147,41.86,11.97,1.555,1.19,28.09,0.756,True,1.1028,0.4402,16.94,False
False,0.0149,-0.0147,41.86,11.97,1.555,1.19,28.09,0.756,True,0.9287,0.451,0.0,False
True,-0.0683,-0.0113,31.94,9.63,1.475,1.269,30.27,0.595,True,1.2234,1.6971,12.806,False
False,-0.0683,-0.0113,31.94,9.63,1.475,1.269,30.27,0.595,True,0.6184,1.3551,0.0,False
True,0.0172,0.0009,44.12,13.09,1.397,1.202,26.95,0.696,False,0.3623,0.8575,11.854,False
False,0.0172,0.0009,44.12,13.09,1.397,1.202,26.95,0.696,False,0.1961,2.0179,0.0,False
True,0.0046,0.0002,39.27,7.31,1.062,0.866,26.3,0.797,False,0.0833,4.2923,5.328,False
False,0.0046,0.0002,39.27,7.31,1.062,0.866,26.3,0.797,False,0.0861,3.014,0.0,False
True,0.0242,-0.0114,43.89,6.58,1.767,1.294,26.36,0.79,True,1.3942,0.4633,18.274,False
False,0.0242,-0.0114,43.89,6.58,1.767,1.294,26.36,0.79,True,1.8617,0.3747,0.0,False
True,-0.0609,0.0014,32.93,10.69,1.665,1.208,39.01,0.528,True,1.2675,1.0177,10.262,False
False,-0.0609,0.0014,32.93,10.69,1.665,1.208,39.01,0.528,True,0.3875,0.558,0.0,False
True,-0.024,-0.0105,23.72,10.94,1.433,1.237,31.83,0.436,False,0.1195,5.5464,13.826,False
False,-0.024,-0.0105,23.72,10.94,1.433,1.237,31.83,0.436,False,0.254,3.1739,0.0,False
True,-0.0286,-0.0186,39.85,4.51,1.431,1.103,22.36,0.441,False,0.5838,1.3556,21.922,False
False,-0.0286,-0.0186,39.85,4.51,1.431,1.103,22.36,0.441,False,0.3237,2.3935,0.0,False
True,-0.0429,-0.0165,25.86,7.26,1.797,1.268,36.9,0.532,True,0.2628,1.6165,16.574,False
False,-0.0429,-0.0165,25.86,7.26,1.797,1.268,36.9,0.532,True,0.5205,0.2943,0.0,False
True,0.0176,-0.0148,20.57,4.07,1.439,1.252,27.63,0.46,False,0.0292,3.5067,19.934,False
False,0.0176,-0.0148,20.57,4.07,1.439,1.252,27.63,0.46,True,0.5862,0.1918,0.0,False
True,-0.057,0.0093,29.67,10.75,1.667,1.16,21.04,0.763,False,0.1278,7.8956,2.998,False
False,-0.057,0.0093,29.67,10.75,1.667,1.16,21.04,0.763,False,0.1888,5.4349,0.0,False
True,-0.0468,-0.0157,24.12,10.66,1.287,0.995,31.03,0.668,True,0.5532,0.7606,16.418,False
False,-0.0468,-0.0157,24.12,10.66,1.287,0.995,31.03,0.668,True,0.3298,3.6651,0.0,False
True,-0.0592,-0.0002,38.18,8.06,1.12,0.864,39.61,0.436,True,0.6509,0.8422,11.088,False
False,-0.0592,-0.0002,38.18,8.06,1.12,0.864,39.61,0.436,True,0.4518,2.4644,0.0,False
True,-0.0118,-0.0151,42.44,11.01,1.364,0.776,33.15,0.728,True,1.2796,0.5945,15.788,False
False,-0.0118,-0.0151,42.44,11.01,1.364,0.776,33.15,0.728,True,1.0518,0.5113,0.0,False
True,-0.0627,-0.0183,41.27,14.53,1.217,1.161,33.88,0.473,True,0.4886,1.7528,16.148,False
False,-0.0627,-0.0183,41.27,14.53,1.217,1.161,33.88,0.473,True,0.7889,0.8921,0.0,False
True,-0.0172,0.0022,33.35,3.04,1.518,1.095,37.07,0.509,False,0.0861,10.1344,11.668,False
False,-0.0172,0.0022,33.35,3.04,1.518,1.095,37.07,0.509,False,0.2263,3.9685,0.0,False
True,0.0038,-0.0044,35.15,13.64,1.57,0.92,34.27,0.795,False,0.0234,22.5411,12.35,False
False,0.0038,-0.0044,35.15,13.64,1.57,0.92,34.27,0.795,False,0.1254,4.4745,0.0,False
True,-0.0544,-0.0112,20.8,3.99,1.107,0.835,32.2,0.627,False,0.109,4.4492,12.334,False
False,-0.0544,-0.0112,20.8,3.99,1.107,0.835,32.2,0.627,False,0.2449,1.9625,0.0,False
True,-0.0698,-0.0071,35.72,7.05,1.418,0.876,22.59,0.721,False,0.201,5.1297,13.98,False
False,-0.0698,-0.0071,35.72,7.05,1.418,0.876,22.59,0.721,False,0.3058,3.5249,0.0,False
True,0.0084,0.0076,43.51,2.78,1.086,1.31,33.51,0.653,False,0.2544,1.6313,2.998,False
False,0.0084,0.0076,43.51,2.78,1.086,1.31,33.51,0.653,False,0.3141,1.3445,0.0,False
True,-0.0201,0.005,34.6,6.11,1.438,1.398,28.26,0.725,False,0.0632,8.065,9.378,False
False,-0.0201,0.005,34.6,6.11,1.438,1.398,28.26,0.725,False,0.1548,3.39,0.0,False
True,-0.0424,-0.0043,23.07,3.74,1.791,0.737,21.85,0.723,False,0.0402,5.1431,11.986,False
False,-0.0424,-0.0043,23.07,3.74,1.791,0.737,21.85,0.723,False,0.1565,1.403,0.0,False
True,-0.0055,-0.0182,39.14,10.0,1.457,0.832,26.2,0.547,True,1.2916,0.4697,17.226,False
False,-0.0055,-0.0182,39.14,10.0,1.457,0.832,26.2,0.547,True,0.9402,0.2148,0.0,False
True,-0.0522,-0.0134,25.8,12.11,1.304,0.912,20.48,0.677,False,0.1543,4.9275,14.694,False
False,-0.0522,-0.0134,25.8,12.11,1.304,0.912,20.48,0.677,False,0.3171,2.4296,0.0,False
True,-0.0563,0.0076,30.72,4.89,0.954,0.732,38.68,0.789,False,0.3056,5.0301,2.998,False
False,-0.0563,0.0076,30.72,4.89,0.954,0.732,38.68,0.789,False,0.343,4.4489,0.0,False
True,-0.0604,-0.0172,43.21,3.38,1.281,1.315,26.15,0.589,True,0.3851,1.4152,13.606,False
False,-0.0604,-0.0172,43.21,3.38,1.281,1.315,26.15,0.589,True,0.4326,1.6352,0.0,False
True,-0.0457,-0.0046,24.53,2.2,1.07,0.797,32.25,0.65,False,0.0627,7.4721,12.146,False
False,-0.0457,-0.0046,24.53,2.2,1.07,0.797,32.25,0.65,False,0.115,4.4333,0.0,False
True,-0.0657,-0.0023,42.24,2.32,0.855,0.987,22.48,0.779,False,0.1429,5.7393,13.33,False
False,-0.0657,-0.0023,42.24,2.32,0.855,0.987,22.48,0.779,False,0.3023,2.9542,0.0,False
True,-0.0389,0.0047,23.19,8.29,1.552,0.906,37.59,0.77,False,0.0964,13.856,8.66,False
False,-0.0389,0.0047,23.19,8.29,1.552,0.906,37.59,0.77,False,0.1895,6.2679,0.0,False
True,0.0187,0.0021,34.42,6.24,1.218,0.949,34.65,0.544,False,0.2181,1.504,7.904,False
False,0.0187,0.0021,34.42,6.24,1.218,0.949,34.65,0.544,False,0.1684,2.1908,0.0,False
True,0.0244,0.0015,22.59,10.84,1.066,0.852,28.87,0.736,False,0.0412,6.3093,8.698,False
False,0.0244,0.0015,22.59,10.84,1.066,0.852,28.87,0.736,True,1.4204,0.3411,0.0,False
True,0.0166,-0.0105,31.19,11.24,1.494,0.711,24.93,0.674,True,0.8094,0.7619,15.18,False
False,0.0166,-0.0105,31.19,11.24,1.494,0.711,24.93,0.674,False,0.8684,1.1716,0.0,False
True,0.0182,0.003,36.76,12.43,1.119,0.74,28.13,0.793,False,0.145,2.5533,9.028,False
False,0.0182,0.003,36.76,12.43,1.119,0.74,28.13,0.793,False,0.3131,1.1965,0.0,False
True,0.0011,-0.0092,30.93,10.22,0.853,1.397,23.62,0.574,False,0.0175,7.8876,14.168,False
False,0.0011,-0.0092,30.93,10.22,0.853,1.397,23.62,0.574,False,0.3083,1.0882,0.0,False
True,-0.0188,0.0027,43.68,11.64,1.743,0.952,38.59,0.429,False,0.807,1.821,9.702,False
False,-0.0188,0.0027,43.68,11.64,1.743,0.952,38.59,0.429,True,0.3191,0.6921,0.0,False
True,-0.027,-0.0133,26.43,14.98,1.744,1.298,30.43,0.599,True,2.0382,0.2721,14.374,False
False,-0.027,-0.0133,26.43,14.98,1.744,1.298,30.43,0.599,True,0.7867,0.533,0.0,False
True,0.0033,0.004,23.79,10.02,1.426,0.969,29.01,0.722,False,0.0463,7.6594,11.364,False
False,0.0033,0.004,23.79,10.02,1.426,0.969,29.01,0.722,False,0.0404,9.9188,0.0,False
True,0.011,-0.0083,34.46,3.84,1.008,1.339,31.88,0.622,False,0.0087,18.6879,12.544,False
False,0.011,-0.0083,34.46,3.84,1.008,1.339,31.88,0.622,True,1.4005,0.2811,0.0,False
True,-0.0482,-0.001,21.36,6.45,1.359,1.215,35.88,0.439,False,0.4752,1.6622,11.548,False
False,-0.0482,-0.001,21.36,6.45,1.359,1.215,35.88,0.439,False,0.1502,4.9818,0.0,False
True,-0.0484,-0.003,34.32,5.6,1.763,0.783,24.58,0.501,False,0.3887,2.443,14.17,False
False,-0.0484,-0.003,34.32,5.6,1.763,0.783,24.58,0.501,False,0.4964,1.729,0.0,False
True,-0.0672,-0.0178,29.89,6.24,1.236,1.235,25.32,0.695,False,0.2134,4.4455,13.518,False
False,-0.0672,-0.0178,29.89,6.24,1.236,1.235,25.32,0.695,False,0.1676,5.6968,0.0,False
True,-0.0077,-0.0013,39.16,10.31,1.788,0.943,20.25,0.413,False,0.1706,1.97,12.412,False
False,-0.0077,-0.0013,39.16,10.31,1.788,0.943,20.25,0.413,False,0.2198,1.7854,0.0,False
True,0.0116,0.0058,35.63,8.55,1.416,1.152,27.22,0.706,False,0.3334,0.9072,2.998,False
False,0.0116,0.0058,35.63,8.55,1.416,1.152,27.22,0.706,False,0.3046,1.0155,0.0,False
True,-0.0041,-0.0041,35.8,7.92,0.803,1.026,27.65,0.52,False,0.1044,2.9567,13.422,False
False,-0.0041,-0.0041,35.8,7.92,0.803,1.026,27.65,0.52,False,0.0951,4.7674,0.0,False
True,-0.0439,-0.0159,35.02,12.75,1.169,0.842,31.92,0.734,True,0.6132,0.5054,15.376,False
False,-0.0439,-0.0159,35.02,12.75,1.169,0.842,31.92,0.734,True,0.753,0.8488,0.0,False
True,-0.0225,0.0023,43.05,13.33,1.193,1.175,31.77,0.79,False,0.2725,3.7752,8.716,False
False,-0.0225,0.0023,43.05,13.33,1.193,1.175,31.77,0.79,False,0.1765,5.7885,0.0,False
True,-0.0314,-0.001,33.5,5.87,1.11,1.092,24.77,0.572,False,0.0994,3.7245,12.642,False
False,-0.0314,-0.001,33.5,5.87,1.11,1.092,24.77,0.572,False,0.0862,6.4802,0.0,False
True,0.002,-0.0161,22.01,5.97,1.416,1.312,37.19,0.517,False,0.0312,11.9657,25.0,False
False,0.002,-0.0161,22.01,5.97,1.416,1.312,37.19,0.517,False,0.3562,1.1124,0.0,False
True,-0.059,-0.0006,29.21,11.68,1.33,0.756,38.19,0.694,True,0.3289,1.7858,11.08,False
False,-0.059,-0.0006,29.21,11.68,1.33,0.756,38.19,0.694,True,0.572,0.6577,0.0,False
True,-0.0163,-0.0123,27.16,6.64,1.629,1.01,32.92,0.595,False,0.039,11.5073,14.764,False
False,-0.0163,-0.0123,27.16,6.64,1.629,1.01,32.92,0.595,False,0.1249,5.9358,0.0,False
True,-0.0655,-0.0068,37.09,5.7,0.968,1.048,21.09,0.612,False,0.2131,3.453,13.812,False
False,-0.0655,-0.0068,37.09,5.7,0.968,1.048,21.09,0.612,False,0.2288,3.3262,0.0,False
True,-0.0154,0.0038,32.22,7.46,1.41,0.892,27.88,0.768,False,0.0123,40.4466,11.062,False
False,-0.0154,0.0038,32.22,7.46,1.41,0.892,27.88,0.768,False,0.1488,3.4991,0.0,False
True,-0.0348,-0.0125,22.33,6.37,1.31,1.314,31.25,0.548,False,0.2246,2.2159,12.81,False
False,-0.0348,-0.0125,22.33,6.37,1.31,1.314,31.25,0.548,False,0.2734,1.8165,0.0,False
True,-0.0023,0.0047,24.17,11.89,0.897,0.957,20.01,0.627,False,0.0661,2.6567,11.146,False
False,-0.0023,0.0047,24.17,11.89,0.897,0.957,20.01,0.627,False,0.0875,2.2661,0.0,False
True,-0.0663,0.0085,28.84,12.81,1.679,1.24,32.79,0.62,False,0.21,11.0114,2.998,False
False,-0.0663,0.0085,28.84,12.81,1.679,1.24,32.79,0.62,False,0.2301,9.6561,0.0,False
True,-0.0243,-0.0175,38.34,14.81,1.149,1.288,34.38,0.77,True,0.8661,0.2892,16.396,False
False,-0.0243,-0.0175,38.34,14.81,1.149,1.288,34.38,0.77,True,0.3331,0.637,0.0,False
True,-0.0156,-0.0004,38.22,5.5,0.918,1.247,39.97,0.663,False,0.1002,9.5045,5.23,False
False,-0.0156,-0.0004,38.22,5.5,0.918,1.247,39.97,0.663,False,0.1389,6.2154,0.0,False
True,-0.0393,-0.0054,42.12,2.14,1.048,1.129,26.79,0.755,False,0.0565,12.4473,12.12,False
False,-0.0393,-0.0054,42.12,2.14,1.048,1.129,26.79,0.755,False,0.1371,5.309,0.0,False
True,-0.0282,-0.0153,38.01,2.17,0.95,0.749,21.47,0.48,False,0.2789,1.7594,15.818,False
False,-0.0282,-0.0153,38.01,2.17,0.95,0.749,21.47,0.48,False,0.3841,1.0576,0.0,False
True,0.0107,-0.0099,25.59,12.32,1.642,0.76,35.47,0.751,True,0.9902,0.583,17.266,False
False,0.0107,-0.0099,25.59,12.32,1.642,0.76,35.47,0.751,True,0.6296,0.9116,0.0,False
True,-0.0409,-0.0007,27.03,14.3,1.778,1.222,26.83,0.526,False,0.3045,3.5695,11.896,False
False,-0.0409,-0.0007,27.03,14.3,1.778,1.222,26.83,0.526,False,0.2947,3.9216,0.0,False
True,-0.0088,-0.0155,21.43,9.18,1.334,1.232,26.85,0.688,False,0.0584,6.9533,15.536,False
False,-0.0088,-0.0155,21.43,9.18,1.334,1.232,26.85,0.688,False,0.2319,1.9394,0.0,False
True,-0.0557,-0.0193,28.94,8.72,0.882,1.334,34.19,0.796,True,0.4879,0.6724,17.24,False
False,-0.0557,-0.0193,28.94,8.72,0.882,1.334,34.19,0.796,True,0.5803,0.6887,0.0,False
True,-0.0567,-0.009,22.28,13.62,1.675,1.037,27.06,0.638,False,0.2386,6.4264,11.968,False
False,-0.0567,-0.009,22.28,13.62,1.675,1.037,27.06,0.638,True,0.5595,1.9609,0.0,False
True,-0.0478,-0.0086,20.75,14.63,0.957,0.846,39.72,0.56,True,0.6128,1.3953,13.028,False
False,-0.0478,-0.0086,20.75,14.63,0.957,0.846,39.72,0.56,True,0.5577,0.6551,0.0,False
True,-0.0283,-0.0189,38.44,7.48,0.88,0.745,27.01,0.652,True,0.5582,1.2375,17.78,False
False,-0.0283,-0.0189,38.44,7.48,0.88,0.745,27.01,0.652,True,0.7708,0.2197,0.0,False
True,0.0098,-0.0116,34.12,2.8,1.746,1.112,22.95,0.458,False,0.0604,2.9681,16.396,False
False,0.0098,-0.0116,34.12,2.8,1.746,1.112,22.95,0.458,False,0.3224,0.7262,0.0,False
True,-0.052,-0.016,34.72,6.92,0.922,0.741,24.69,0.492,False,0.1428,6.2267,15.542,False
False,-0.052,-0.016,34.72,6.92,0.922,0.741,24.69,0.492,False,0.3276,2.552,0.0,False
True,-0.0494,-0.0059,22.92,6.86,1.61,1.234,36.27,0.529,False,0.1522,7.5218,13.84,False
False,-0.0494,-0.0059,22.92,6.86,1.61,1.234,36.27,0.529,True,0.4965,0.2885,0.0,False
True,-0.0182,-0.0113,28.57,8.65,0.904,0.911,37.28,0.456,True,1.0235,0.8681,14.944,False
False,-0.0182,-0.0113,28.57,8.65,0.904,0.911,37.28,0.456,True,0.9117,0.4835,0.0,False
True,-0.0036,0.0017,38.76,6.49,0.994,0.768,21.96,0.643,False,0.0488,4.408,12.0,False
False,-0.0036,0.0017,38.76,6.49,0.994,0.768,21.96,0.643,False,0.0409,4.0571,0.0,False
True,-0.0696,-0.0039,40.18,10.07,1.631,0.727,32.06,0.702,True,2.2024,0.2451,14.352,False
False,-0.0696,-0.0039,40.18,10.07,1.631,0.727,32.06,0.702,False,0.6384,4.3011,0.0,False
True,-0.0273,-0.0103,32.88,11.16,1.17,0.706,24.04,0.764,False,0.2825,3.0637,13.45,False
False,-0.0273,-0.0103,32.88,11.16,1.17,0.706,24.04,0.764,True,1.0671,0.5172,0.0,False
True,-0.0675,-0.0103,43.63,9.38,0.81,1.166,26.53,0.719,False,3.0417,0.6332,11.792,True
False,-0.0675,-0.0103,43.63,9.38,0.81,1.166,26.53,0.719,True,0.5374,0.59,0.0,False
True,0.0008,-0.0118,20.68,8.45,0.818,1.07,35.6,0.587,False,0.0664,5.8656,16.552,False
False,0.0008,-0.0118,20.68,8.45,0.818,1.07,35.6,0.587,True,1.3556,0.3077,0.0,False
True,-0.0343,-0.0164,29.31,5.52,1.006,0.87,36.4,0.637,True,0.6522,0.5119,16.076,False
False,-0.0343,-0.0164,29.31,5.52,1.006,0.87,36.4,0.637,False,0.2425,5.4908,0.0,False
True,0.0077,-0.0007,27.5,12.2,0.868,0.802,23.7,0.409,False,0.0285,3.1169,14.354,False
False,0.0077,-0.0007,27.5,12.2,0.868,0.802,23.7,0.409,False,0.0751,2.5594,0.0,False
True,-0.0404,-0.0174,26.29,6.29,1.374,1.293,31.66,0.736,False,0.098,9.2888,18.576,False
False,-0.0404,-0.0174,26.29,6.29,1.374,1.293,31.66,0.736,False,0.3155,2.7146,0.0,False
True,-0.0388,-0.008,43.41,5.68,1.756,1.233,39.89,0.688,True,0.1583,3.5841,12.336,False
False,-0.0388,-0.008,43.41,5.68,1.756,1.233,39.89,0.688,True,0.9405,1.1841,0.0,False
True,-0.0678,0.0086,41.41,3.12,1.074,0.998,25.5,0.648,False,0.4173,3.8677,2.998,False
False,-0.0678,0.0086,41.41,3.12,1.074,0.998,25.5,0.648,False,3.3341,0.4855,0.0,True
True,-0.0142,-0.0089,26.19,14.09,1.623,1.184,24.56,0.416,False,0.1567,2.8505,13.484,False
False,-0.0142,-0.0089,26.19,14.09,1.623,1.184,24.56,0.416,False,0.3549,1.4222,0.0,False
True,-0.0411,-0.0093,44.77,4.63,1.392,0.72,24.43,0.758,False,0.1923,5.0411,13.576,False
False,-0.0411,-0.0093,44.77,4.63,1.392,0.72,24.43,0.758,False,0.1842,4.0572,0.0,False
True,0.008,0.0011,39.52,14.1,1.608,0.926,29.89,0.759,False,0.2623,1.7721,4.59,False
False,0.008,0.0011,39.52,14.1,1.608,0.926,29.89,0.759,False,0.1369,3.7882,0.0,False
True,-0.0308,-0.0057,34.92,2.25,1.252,1.157,22.05,0.615,False,0.1295,2.2979,12.454,False
False,-0.0308,-0.0057,34.92,2.25,1.252,1.157,22.05,0.615,False,0.0849,4.373,0.0,False
True,-0.0165,0.0036,28.35,11.31,1.241,1.219,39.21,0.549,True,1.7927,0.3313,11.154,False
False,-0.0165,0.0036,28.35,11.31,1.241,1.219,39.21,0.549,False,0.3532,3.2022,0.0,False
True,-0.0499,-0.0064,39.48,10.88,1.482,1.106,27.72,0.646,False,0.8909,2.0699,12.648,False
False,-0.0499,-0.0064,39.48,10.88,1.482,1.106,27.72,0.646,False,2.4059,0.6394,0.0,True
True,-0.0504,0.0063,29.07,9.79,1.732,1.06,36.83,0.5,True,0.5382,0.4609,2.998,False
False,-0.0504,0.0063,29.07,9.79,1.732,1.06,36.83,0.5,True,0.3735,0.8059,0.0,False
True,0.0128,-0.0096,40.88,14.73,1.012,0.935,23.98,0.575,False,0.0282,14.5695,16.574,False
False,0.0128,-0.0096,40.88,14.73,1.012,0.935,23.98,0.575,True,1.0938,0.5819,0.0,False
True,0.0015,-0.0001,20.73,5.29,1.719,0.758,25.15,0.555,False,0.1329,0.5818,5.488,False
False,0.0015,-0.0001,20.73,5.29,1.719,0.758,25.15,0.555,False,0.091,1.0998,0.0,False
True,-0.0315,-0.0117,22.53,12.08,1.06,1.381,39.81,0.454,True,1.5579,0.6749,13.288,False
False,-0.0315,-0.0117,22.53,12.08,1.06,1.381,39.81,0.454,True,0.9068,0.5043,0.0,False
True,-0.0487,0.0099,40.74,9.94,1.148,1.025,31.16,0.725,False,1.8299,1.1973,2.998,False
False,-0.0487,0.0099,40.74,9.94,1.148,1.025,31.16,0.725,False,0.6393,2.7563,0.0,False
True,0.0144,-0.0142,29.12,8.68,0.842,0.965,27.79,0.609,False,0.0074,32.0679,18.032,False
False,0.0144,-0.0142,29.12,8.68,0.842,0.965,27.79,0.609,False,0.4528,0.8869,0.0,False
True,-0.0312,-0.0152,42.29,12.83,1.101,0.873,32.81,0.778,True,0.9151,1.0687,15.144,False
False,-0.0312,-0.0152,42.29,12.83,1.101,0.873,32.81,0.778,True,1.2667,0.4883,0.0,False
True,0.0227,0.0089,41.38,3.27,1.35,1.254,23.77,0.517,False,0.031,6.8752,2.998,False
False,0.0227,0.0089,41.38,3.27,1.35,1.254,23.77,0.517,False,0.0089,22.5923,0.0,False
True,-0.0133,-0.0017,28.55,6.91,1.143,0.803,25.76,0.442,False,0.1341,2.0398,13.504,False
False,-0.0133,-0.0017,28.55,6.91,1.143,0.803,25.76,0.442,False,0.0753,3.5878,0.0,False
True,-0.0369,-0.0004,43.48,5.15,1.771,0.872,23.08,0.543,True,0.665,0.2122,12.034,False
False,-0.0369,-0.0004,43.48,5.15,1.771,0.872,23.08,0.543,False,3.6767,0.2473,0.0,True
True,-0.0252,-0.0085,25.45,10.72,1.32,1.316,36.96,0.518,True,1.4601,0.9305,12.604,False
False,-0.0252,-0.0085,25.45,10.72,1.32,1.316,36.96,0.518,True,1.3209,0.6095,0.0,False
True,-0.0298,-0.0138,25.42,4.86,1.275,0.78,28.82,0.468,False,0.068,5.6287,14.998,False
False,-0.0298,-0.0138,25.42,4.86,1.275,0.78,28.82,0.468,False,0.2528,1.6411,0.0,False
True,-0.0161,-0.0091,26.25,4.81,1.345,1.154,25.7,0.454,False,0.0434,3.2769,13.438,False
False,-0.0161,-0.0091,26.25,4.81,1.345,1.154,25.7,0.454,False,0.2807,0.4621,0.0,False
True,0.019,-0.0075,39.62,13.77,1.443,1.29,39.57,0.56,True,1.502,0.2155,13.654,False
False,0.019,-0.0075,39.62,13.77,1.443,1.29,39.57,0.56,True,1.0818,0.3013,0.0,False
True,-0.0066,-0.0177,30.81,10.81,0.891,0.901,21.18,0.59,False,0.0248,12.5127,17.302,False
False,-0.0066,-0.0177,30.81,10.81,0.891,0.901,21.18,0.59,False,0.3139,1.1878,0.0,False
True,-0.0419,-0.0106,40.0,6.7,1.442,1.056,32.59,0.693,False,1.769,1.3784,12.51,False
False,-0.0419,-0.0106,40.0,6.7,1.442,1.056,32.59,0.693,False,2.3905,1.2513,0.0,True
True,0.0118,-0.0151,42.56,2.4,1.46,0.796,22.78,0.671,False,0.0552,3.9278,20.314,False
False,0.0118,-0.0151,42.56,2.4,1.46,0.796,22.78,0.671,True,1.5216,0.573,0.0,False
True,-0.0502,0.0011,32.65,13.26,1.773,1.305,35.09,0.8,True,0.6394,2.7806,10.816,False
False,-0.0502,0.0011,32.65,13.26,1.773,1.305,35.09,0.8,False,0.3575,5.3237,0.0,False
True,-0.0213,-0.0145,44.43,10.24,1.695,0.982,26.97,0.717,False,0.1938,5.7987,15.546,False
False,-0.0213,-0.0145,44.43,10.24,1.695,0.982,26.97,0.717,True,0.8892,0.7163,0.0,False
True,0.0156,0.0015,26.12,11.12,0.825,1.05,23.12,0.408,False,0.0964,1.5226,12.116,False
False,0.0156,0.0015,26.12,11.12,0.825,1.05,23.12,0.408,False,0.0595,2.1654,0.0,False
True,-0.0221,-0.0054,33.62,14.61,1.466,0.823,25.11,0.772,False,0.0444,18.8203,12.214,False
False,-0.0221,-0.0054,33.62,14.61,1.466,0.823,25.11,0.772,True,1.3841,0.3087,0.0,False
True,-0.0608,-0.012,27.74,7.95,1.674,1.306,33.35,0.692,True,0.1159,4.3626,12.232,False
False,-0.0608,-0.012,27.74,7.95,1.674,1.306,33.35,0.692,True,0.4125,3.913,0.0,False
True,0.0221,0.0061,24.57,6.55,1.37,1.101,25.98,0.739,False,0.0924,1.6332,2.998,False
False,0.0221,0.0061,24.57,6.55,1.37,1.101,25.98,0.739,False,0.2599,0.5353,0.0,False
True,-0.0265,-0.0084,26.65,13.03,0.857,1.219,33.4,0.435,False,0.6456,1.7867,13.18,False
False,-0.0265,-0.0084,26.65,13.03,0.857,1.219,33.4,0.435,True,0.606,0.5421,0.0,False
True,-0.0167,0.0082,38.36,4.57,1.726,1.0,30.1,0.583,False,0.232,3.2169,2.998,False
False,-0.0167,0.0082,38.36,4.57,1.726,1.0,30.1,0.583,False,0.2463,3.1367,0.0,False
True,-0.0228,-0.0042,25.16,12.85,1.094,1.125,25.19,0.678,False,0.6051,1.7001,11.432,False
False,-0.0228,-0.0042,25.16,12.85,1.094,1.125,25.19,0.678,False,0.1841,4.3874,0.0,False
True,-0.0149,-0.0045,34.29,7.02,0.9,0.967,36.44,0.499,False,0.0906,10.6471,12.328,False
False,-0.0149,-0.0045,34.29,7.02,0.9,0.967,36.44,0.499,False,0.0712,14.5032,0.0,False
True,-0.0683,-0.0028,36.39,5.47,1.581,0.772,23.05,0.581,False,0.1373,6.879,4.732,False
False,-0.0683,-0.0028,36.39,5.47,1.581,0.772,23.05,0.581,False,0.1569,6.9576,0.0,False
True,-0.009,-0.0065,35.39,6.34,1.741,1.188,36.56,0.531,False,0.1373,5.6,12.232,False
False,-0.009,-0.0065,35.39,6.34,1.741,1.188,36.56,0.531,True,0.8197,0.3004,0.0,False
True,-0.0071,0.0077,35.33,13.95,1.422,1.03,23.19,0.424,False,0.0774,6.3326,2.998,False
False,-0.0071,0.0077,35.33,13.95,1.422,1.03,23.19,0.424,False,0.0481,10.443,0.0,False
True,0.0088,-0.0081,41.94,9.37,1.223,1.136,38.07,0.437,True,1.2269,0.8522,14.816,False
False,0.0088,-0.0081,41.94,9.37,1.223,1.136,38.07,0.437,True,0.8751,0.2675,0.0,False
True,-0.0469,0.0018,32.13,13.01,1.751,1.171,37.02,0.655,False,0.3048,6.4617,9.668,False
False,-0.0469,0.0018,32.13,13.01,1.751,1.171,37.02,0.655,False,3.0012,0.8093,0.0,True
True,-0.0198,0.0004,32.6,13.49,1.785,1.181,20.55,0.794,False,0.1513,4.0605,9.688,False
False,-0.0198,0.0004,32.6,13.49,1.785,1.181,20.55,0.794,False,0.1334,5.0064,0.0,False
True,0.0025,-0.0141,29.44,4.22,1.558,0.964,37.12,0.662,True,1.3902,0.4962,25.0,False
False,0.0025,-0.0141,29.44,4.22,1.558,0.964,37.12,0.662,True,0.7892,0.5929,0.0,False
True,-0.0145,-0.019,31.38,8.6,1.412,0.795,25.67,0.613,False,0.0409,13.508,17.288,False
False,-0.0145,-0.019,31.38,8.6,1.412,0.795,25.67,0.613,True,0.5909,0.3259,0.0,False
True,-0.0082,-0.0036,31.23,7.88,1.375,1.128,20.85,0.783,False,0.0958,2.1822,13.214,False
False,-0.0082,-0.0036,31.23,7.88,1.375,1.128,20.85,0.783,False,0.2215,0.6619,0.0,False
True,-0.0045,-0.0071,44.01,10.15,1.0,1.209,39.16,0.507,True,1.7148,0.3109,12.222,False
False,-0.0045,-0.0071,44.01,10.15,1.0,1.209,39.16,0.507,True,0.6029,0.4224,0.0,False
True,-0.034,0.0073,32.28,4.09,1.793,1.371,26.88,0.744,False,0.0976,5.3846,2.998,False
False,-0.034,0.0073,32.28,4.09,1.793,1.371,26.88,0.744,False,0.1434,3.7409,0.0,False
True,-0.0031,-0.0058,33.85,3.94,1.229,1.012,29.34,0.432,False,0.0423,3.9081,11.358,False
False,-0.0031,-0.0058,33.85,3.94,1.229,1.012,29.34,0.432,False,0.2424,1.4735,0.0,False
True,0.0131,0.007,40.67,4.13,1.132,1.004,27.57,0.572,False,0.108,2.8664,2.998,False
False,0.0131,0.007,40.67,4.13,1.132,1.004,27.57,0.572,False,0.1615,1.7986,0.0,False
True,-0.0506,-0.02,40.49,5.83,0.951,1.046,32.61,0.402,True,0.4566,0.7652,19.572,False
False,-0.0506,-0.02,40.49,5.83,0.951,1.046,32.61,0.402,True,1.0978,0.6028,0.0,False
True,-0.0112,0.0007,37.84,5.07,1.313,1.345,27.46,0.41,False,0.1357,3.9715,12.376,False
False,-0.0112,0.0007,37.84,5.07,1.313,1.345,27.46,0.41,False,0.3,1.894,0.0,False
True,-0.0101,0.0059,37.1,6.15,1.404,0.723,39.1,0.498,True,0.3695,0.5519,2.998,False
False,-0.0101,0.0059,37.1,6.15,1.404,0.723,39.1,0.498,True,0.3833,0.5242,0.0,False
True,0.016,-0.0095,39.9,5.45,1.235,1.278,23.53,0.549,False,0.1187,1.5733,14.504,False
False,0.016,-0.0095,39.9,5.45,1.235,1.278,23.53,0.549,False,0.2787,0.6959,0.0,False
True,-0.0044,0.0041,26.85,10.96,1.086,1.148,36.72,0.562,False,0.3638,2.1191,11.056,False
False,-0.0044,0.0041,26.85,10.96,1.086,1.148,36.72,0.562,False,0.1198,6.1539,0.0,False
True,-0.0532,0.0043,33.43,3.91,1.361,1.177,22.87,0.514,False,0.005,127.7056,9.674,False
False,-0.0532,0.0043,33.43,3.91,1.361,1.177,22.87,0.514,False,0.1163,5.2678,0.0,False
True,0.0208,-0.0042,34.01,8.96,1.5,0.766,22.97,0.617,False,0.0346,5.1483,10.89,False
False,0.0208,-0.0042,34.01,8.96,1.5,0.766,22.97,0.617,False,0.2614,0.6912,0.0,False
True,0.0067,-0.0143,21.61,5.04,1.128,0.848,36.36,0.521,False,0.0714,3.7311,22.76,False
False,0.0067,-0.0143,21.61,5.04,1.128,0.848,36.36,0.521,False,0.2537,1.3816,0.0,False
True,-0.0617,0.0042,40.4,12.23,0.813,1.326,21.36,0.658,False,0.2406,5.8219,9.662,False
False,-0.0617,0.0042,40.4,12.23,0.813,1.326,21.36,0.658,False,0.1634,8.7693,0.0,False
True,-0.0037,-0.019,33.74,11.94,1.071,1.288,22.01,0.7,False,0.0869,6.1399,16.89,False
False,-0.0037,-0.019,33.74,11.94,1.071,1.288,22.01,0.7,True,0.9276,0.4554,0.0,False
True,-0.0349,-0.017,36.25,4.35,0.912,0.861,33.92,0.585,True,1.5525,0.3241,15.974,False
False,-0.0349,-0.017,36.25,4.35,0.912,0.861,33.92,0.585,True,0.682,0.3396,0.0,False
True,0.0173,-0.0177,21.03,5.73,1.162,1.138,24.4,0.798,False,0.0519,2.1406,19.82,False
False,0.0173,-0.0177,21.03,5.73,1.162,1.138,24.4,0.798,True,0.8634,0.1376,0.0,False
True,-0.0211,0.0096,40.63,14.21,0.862,0.84,29.49,0.419,False,0.1971,6.1243,2.998,False
False,-0.0211,0.0096,40.63,14.21,0.862,0.84,29.49,0.419,False,0.5155,2.3722,0.0,False
True,-0.0246,0.0037,20.54,5.14,1.591,1.076,38.38,0.64,False,0.0868,5.6951,8.594,False
False,-0.0246,0.0037,20.54,5.14,1.591,1.076,38.38,0.64,False,0.1191,4.7811,0.0,False
True,-0.0457,-0.018,30.17,10.53,1.336,1.118,32.85,0.749,True,0.6261,1.2985,18.33,False
False,-0.0457,-0.018,30.17,10.53,1.336,1.118,32.85,0.749,True,1.372,0.4681,0.0,False
True,-0.0422,-0.0056,21.2,5.77,1.577,1.144,38.02,0.578,False,0.1614,4.6599,13.078,False
False,-0.0422,-0.0056,21.2,5.77,1.577,1.144,38.02,0.578,False,0.2351,3.6008,0.0,False
True,-0.0047,-0.0146,37.78,3.96,1.446,0.921,35.95,0.58,True,0.4145,0.9283,15.888,False
False,-0.0047,-0.0146,37.78,3.96,1.446,0.921,35.95,0.58,True,0.6848,0.5524,0.0,False
True,-0.054,0.0041,43.11,14.76,0.801,1.006,31.46,0.601,False,0.3123,7.4258,9.572,False
False,-0.054,0.0041,43.11,14.76,0.801,1.006,31.46,0.601,True,2.3166,0.4657,0.0,False
True,0.0069,-0.0179,43.7,7.36,1.197,0.742,21.77,0.542,False,0.1504,2.7071,25.0,False
False,0.0069,-0.0179,43.7,7.36,1.197,0.742,21.77,0.542,True,0.6358,0.8893,0.0,False
True,-0.0335,-0.0014,21.82,4.98,1.307,1.392,35.77,0.566,False,0.1236,4.8771,4.892,False
False,-0.0335,-0.0014,21.82,4.98,1.307,1.392,35.77,0.566,False,0.1077,5.3261,0.0,False
True,-0.0061,-0.0049,25.63,2.83,1.381,0.884,22.61,0.72,False,0.0151,3.4779,14.586,False
False,-0.0061,-0.0049,25.63,2.83,1.381,0.884,22.61,0.72,False,0.1321,0.7074,0.0,False
True,-0.047,-0.003,41.57,10.47,1.166,1.263,24.21,0.645,False,0.2444,5.3477,13.758,False
False,-0.047,-0.003,41.57,10.47,1.166,1.263,24.21,0.645,False,0.1956,6.8911,0.0,False
True,0.0146,-0.0076,27.81,11.04,0.94,1.065,25.46,0.754,True,0.1245,4.4105,16.004,False
False,0.0146,-0.0076,27.81,11.04,0.94,1.065,25.46,0.754,True,0.8688,0.3511,0.0,False
True,0.0035,0.0088,37.27,7.82,1.588,1.013,30.95,0.45,False,0.4774,1.3283,2.998,False
False,0.0035,0.0088,37.27,7.82,1.588,1.013,30.95,0.45,False,0.5466,1.1194,0.0,False
True,-0.0014,-0.0132,28.63,13.05,1.621,0.778,34.31,0.471,False,0.299,3.2278,15.652,False
False,-0.0014,-0.0132,28.63,13.05,1.621,0.778,34.31,0.471,True,0.4987,1.2649,0.0,False
True,-0.0628,0.0073,25.5,5.62,1.508,1.158,37.24,0.687,False,0.2165,6.9638,2.998,False
False,-0.0628,0.0073,25.5,5.62,1.508,1.158,37.24,0.687,False,0.3207,4.5683,0.0,False
True,-0.04,-0.0019,20.86,13.39,1.603,0.948,37.34,0.746,False,0.1208,13.1214,5.028,False
False,-0.04,-0.0019,20.86,13.39,1.603,0.948,37.34,0.746,True,0.6707,1.0885,0.0,False
True,0.007,-0.0158,29.61,4.43,1.706,1.338,38.67,0.771,True,0.7801,0.4695,25.0,False
False,0.007,-0.0158,29.61,4.43,1.706,1.338,38.67,0.771,True,1.2545,0.6792,0.0,False
True,0.0095,0.0054,24.02,9.48,1.278,1.356,27.31,0.479,False,0.2002,1.2126,2.998,False
False,0.0095,0.0054,24.02,9.48,1.278,1.356,27.31,0.479,False,0.279,0.8178,0.0,False
True,-0.0462,0.0075,28.73,14.65,1.367,0.751,38.9,0.67,False,1.0632,2.1664,2.998,False
False,-0.0462,0.0075,28.73,14.65,1.367,0.751,38.9,0.67,True,2.6607,0.6847,0.0,False
True,0.0178,0.0,22.42,14.34,1.035,1.362,23.66,0.443,False,0.1887,1.0632,9.938,False
False,0.0178,0.0,22.42,14.34,1.035,1.362,23.66,0.443,False,0.1105,1.573,0.0,False
True,-0.0328,0.0099,23.89,2.73,1.728,1.355,37.77,0.43,False,0.2624,2.6044,2.998,False
False,-0.0328,0.0099,23.89,2.73,1.728,1.355,37.77,0.43,False,0.0734,9.4772,0.0,False
True,0.0192,-0.0093,24.75,9.8,1.385,1.08,26.38,0.462,False,0.0191,13.9496,13.96,False
False,0.0192,-0.0093,24.75,9.8,1.385,1.08,26.38,0.462,False,0.2567,0.8881,0.0,False
True,-0.0616,-0.013,20.65,4.17,1.141,1.312,34.12,0.464,False,0.1416,4.5346,14.828,False
False,-0.0616,-0.013,20.65,4.17,1.141,1.312,34.12,0.464,False,0.2922,2.4045,0.0,False
True,-0.0407,0.0067,35.88,7.4,1.599,1.087,29.44,0.741,False,0.1619,7.1149,2.998,False
False,-0.0407,0.0067,35.88,7.4,1.599,1.087,29.44,0.741,False,0.2075,5.6734,0.0,False
True,-0.0028,-0.0127,43.94,3.34,1.23,0.725,21.29,0.49,False,0.0681,3.9405,16.158,False
False,-0.0028,-0.0127,43.94,3.34,1.23,0.725,21.29,0.49,False,0.5028,0.7986,0.0,False
True,-0.0041,-0.0037,36.02,7.98,1.691,0.822,36.48,0.513,False,0.7298,1.4889,13.254,False
False,-0.0041,-0.0037,36.02,7.98,1.691,0.822,36.48,0.513,True,1.5355,0.2629,0.0,False
True,0.0109,-0.002,43.57,10.19,0.966,0.896,35.54,0.582,False,0.284,1.9698,14.59,False
False,0.0109,-0.002,43.57,10.19,0.966,0.896,35.54,0.582,False,0.227,2.598,0.0,False
True,0.0164,0.0097,23.38,12.68,1.517,0.799,37.45,0.632,False,0.2494,1.8351,2.998,False
False,0.0164,0.0097,23.38,12.68,1.517,0.799,37.45,0.632,False,0.2777,1.9311,0.0,False
True,0.013,-0.0129,20.43,6.74,1.278,1.298,34.98,0.46,False,0.0361,6.5671,16.52,False
False,0.013,-0.0129,20.43,6.74,1.278,1.298,34.98,0.46,True,0.6968,0.2546,0.0,False
True,-0.0546,-0.0097,42.98,11.8,1.572,0.733,25.24,0.75,True,0.7848,0.4699,12.972,False
False,-0.0546,-0.0097,42.98,11.8,1.572,0.733,25.24,0.75,False,2.2938,0.9,0.0,True
True,0.0234,0.0045,30.61,6.72,1.643,0.937,36.05,0.752,False,0.2055,1.5594,12.672,False
False,0.0234,0.0045,30.61,6.72,1.643,0.937,36.05,0.752,False,0.0349,12.0296,0.0,False
True,-0.0248,-0.0079,29.75,13.52,1.696,1.193,35.13,0.709,True,0.9835,0.5722,12.274,False
False,-0.0248,-0.0079,29.75,13.52,1.696,1.193,35.13,0.709,True,0.6979,0.4842,0.0,False
True,-0.0094,0.0022,41.2,3.43,0.981,0.978,20.17,0.588,False,0.1013,1.8821,10.99,False
False,-0.0094,0.0022,41.2,3.43,0.981,0.978,20.17,0.588,False,0.0461,4.8103,0.0,False
True,0.0094,0.002,40.6,9.89,1.794,0.887,39.24,0.681,False,0.1237,4.0665,11.294,False
False,0.0094,0.002,40.6,9.89,1.794,0.887,39.24,0.681,False,0.061,9.5705,0.0,False
True,-0.0652,-0.0163,39.71,13.21,1.322,1.368,31.49,0.787,True,0.7376,0.5374,13.672,False
False,-0.0652,-0.0163,39.71,13.21,1.322,1.368,31.49,0.787,True,0.5284,0.4904,0.0,False
True,-0.0356,-0.0051,27.92,6.8,0.805,0.764,31.56,0.676,False,0.0883,9.5083,11.938,False
False,-0.0356,-0.0051,27.92,6.8,0.805,0.764,31.56,0.676,False,0.1263,6.9397,0.0,False
True,0.0113,0.0037,33.13,8.54,1.738,1.081,31.56,0.76,False,0.108,3.0447,11.134,False
False,0.0113,0.0037,33.13,8.54,1.738,1.081,31.56,0.76,False,0.1053,3.4676,0.0,False
True,0.0013,-0.0033,38.14,4.39,1.198,1.254,25.63,0.716,False,0.0745,2.6458,10.888,False
False,0.0013,-0.0033,38.14,4.39,1.198,1.254,25.63,0.716,False,0.0753,3.2648,0.0,False
True,0.014,-0.0197,25.0,14.4,1.394,1.044,30.47,0.598,True,1.5282,0.3675,21.538,False
False,0.014,-0.0197,25.0,14.4,1.394,1.044,30.47,0.598,False,1.0066,1.127,0.0,False
True,-0.0454,0.0032,21.29,8.25,1.363,0.729,29.81,0.41,False,0.5851,0.9925,9.412,False
False,-0.0454,0.0032,21.29,8.25,1.363,0.729,29.81,0.41,False,0.751,0.7949,0.0,False
True,-0.0418,-0.016,42.93,6.99,1.256,0.812,28.92,0.472,True,0.6427,1.1167,15.604,False
False,-0.0418,-0.016,42.93,6.99,1.256,0.812,28.92,0.472,True,0.5183,2.9949,0.0,False
True,-0.063,-0.0135,23.47,7.24,1.638,0.992,36.1,0.408,True,0.7731,0.3266,15.044,False
False,-0.063,-0.0135,23.47,7.24,1.638,0.992,36.1,0.408,True,0.8414,0.1832,0.0,False
True,0.023,-0.0138,32.03,4.47,0.843,1.1,34.34,0.506,False,0.1884,1.9545,19.432,False
False,0.023,-0.0138,32.03,4.47,0.843,1.1,34.34,0.506,True,1.3653,0.2812,0.0,False
True,-0.0624,0.0061,22.75,12.18,1.508,1.09,28.42,0.489,False,0.731,1.5699,2.998,False
False,-0.0624,0.0061,22.75,12.18,1.508,1.09,28.42,0.489,False,0.3397,3.1652,0.0,False
True,0.0169,0.0071,37.48,7.2,1.583,1.018,22.28,0.558,False,0.0628,3.8009,2.998,False
False,0.0169,0.0071,37.48,7.2,1.583,1.018,22.28,0.558,False,0.1343,1.4968,0.0,False
True,0.0213,-0.0142,37.97,7.13,1.663,1.265,20.79,0.499,False,0.1043,1.9066,19.472,False
False,0.0213,-0.0142,37.97,7.13,1.663,1.265,20.79,0.499,False,0.3019,0.6357,0.0,False
True,-0.068,-0.0101,22.22,6.61,1.684,1.214,24.85,0.679,False,0.1088,5.606,13.074,False
False,-0.068,-0.0101,22.22,6.61,1.684,1.214,24.85,0.679,False,0.1669,3.6889,0.0,False
True,-0.0606,-0.0108,38.06,8.02,1.472,0.89,39.84,0.598,True,0.3725,3.7478,13.012,False
False,-0.0606,-0.0108,38.06,8.02,1.472,0.89,39.84,0.598,True,0.3738,0.6672,0.0,False
True,0.0062,0.0026,40.82,8.47,1.293,1.198,25.56,0.701,False,0.0488,6.6019,11.098,False
False,0.0062,0.0026,40.82,8.47,1.293,1.198,25.56,0.701,False,0.0812,4.5595,0.0,False
True,-0.0563,-0.0154,33.09,11.49,1.428,0.888,22.15,0.639,False,0.103,10.3006,13.878,False
False,-0.0563,-0.0154,33.09,11.49,1.428,0.888,22.15,0.639,False,0.2896,3.6719,0.0,False
True,-0.0327,-0.0181,21.46,4.66,0.851,1.051,28.53,0.659,False,0.0444,5.6959,21.554,False
False,-0.0327,-0.0181,21.46,4.66,0.851,1.051,28.53,0.659,False,0.3042,0.9655,0.0,False
True,0.0041,0.0033,23.63,7.73,1.512,1.346,21.75,0.782,False,0.0457,2.5107,11.096,False
False,0.0041,0.0033,23.63,7.73,1.512,1.346,21.75,0.782,False,0.1209,1.2141,0.0,False
True,0.0222,0.0012,41.48,11.27,1.589,0.709,29.95,0.713,False,0.1586,1.9442,9.62,False
False,0.0222,0.0012,41.48,11.27,1.589,0.709,29.95,0.713,False,0.3924,1.0733,0.0,False
True,-0.0084,0.0034,39.02,11.13,1.8,0.907,31.4,0.701,False,0.1282,5.6604,11.128,False
False,-0.0084,0.0034,39.02,11.13,1.8,0.907,31.4,0.701,False,0.1269,6.37,0.0,False
True,-0.0636,-0.0161,26.03,13.38,1.618,1.257,27.74,0.502,False,0.1861,7.6729,13.89,False
False,-0.0636,-0.0161,26.03,13.38,1.618,1.257,27.74,0.502,False,0.4154,3.5484,0.0,False
True,-0.0648,-0.0078,24.46,9.73,0.989,1.4,27.92,0.727,False,0.195,7.5634,14.034,False
False,-0.0648,-0.0078,24.46,9.73,0.989,1.4,27.92,0.727,False,0.3387,4.219,0.0,False
True,-0.0576,-0.005,44.15,3.8,1.212,0.991,33.07,0.781,False,0.4035,4.3243,13.488,False
False,-0.0576,-0.005,44.15,3.8,1.212,0.991,33.07,0.781,True,0.5726,3.2424,0.0,False
True,-0.031,-0.0001,37.73,9.41,1.298,1.197,33.37,0.569,True,1.874,0.5748,9.7,False
False,-0.031,-0.0001,37.73,9.41,1.298,1.197,33.37,0.569,True,1.8734,0.5361,0.0,False
True,-0.0561,0.0032,37.59,3.59,0.974,0.996,30.13,0.715,False,0.0726,19.413,9.368,False
False,-0.0561,0.0032,37.59,3.59,0.974,0.996,30.13,0.715,False,0.1598,8.4086,0.0,False
True,0.0051,-0.0108,20.23,10.78,1.256,1.12,22.67,0.592,False,0.0488,3.8893,14.872,False
False,0.0051,-0.0108,20.23,10.78,1.256,1.12,22.67,0.592,False,0.2582,0.8146,0.0,False
True,-0.0217,0.0028,26.52,12.89,0.982,0.941,37.28,0.624,False,0.2223,4.9493,8.908,False
False,-0.0217,0.0028,26.52,12.89,0.982,0.941,37.28,0.624,False,0.1713,7.8397,0.0,False
True,-0.0362,-0.0185,24.41,12.7,1.557,1.12,20.91,0.556,False,0.0791,7.2762,19.104,False
False,-0.0362,-0.0185,24.41,12.7,1.557,1.12,20.91,0.556,False,0.3355,2.1379,0.0,False
True,-0.0342,-0.008,29.82,8.51,1.274,1.2,27.32,0.606,False,0.0333,22.2969,12.258,False
False,-0.0342,-0.008,29.82,8.51,1.274,1.2,27.32,0.606,False,0.1482,5.151,0.0,False
True,-0.0013,-0.0011,42.5,12.51,0.817,1.266,26.26,0.475,False,0.0099,48.0536,13.558,False
False,-0.0013,-0.0011,42.5,12.51,0.817,1.266,26.26,0.475,False,0.0869,6.7461,0.0,False
True,-0.0338,0.003,27.41,2.29,0.958,1.086,32.95,0.641,False,0.0726,6.1983,9.672,False
False,-0.0338,0.003,27.41,2.29,0.958,1.086,32.95,0.641,False,0.1017,4.385,0.0,False
True,-0.005,-0.0008,24.71,6.0,1.05,1.334,38.34,0.619,False,0.0414,7.6784,14.434,False
False,-0.005,-0.0008,24.71,6.0,1.05,1.334,38.34,0.619,False,0.1004,3.9101,0.0,False
True,-0.0495,0.0099,23.51,2.34,1.283,1.251,23.41,0.467,False,0.1532,2.1609,2.998,False
False,-0.0495,0.0099,23.51,2.34,1.283,1.251,23.41,0.467,False,0.1628,2.0388,0.0,False
True,-0.0381,-0.0125,34.99,8.74,0.922,0.815,33.21,0.74,True,0.9924,0.6001,14.47,False
False,-0.0381,-0.0125,34.99,8.74,0.922,0.815,33.21,0.74,True,0.7855,0.8728,0.0,False
True,-0.048,-0.0192,36.56,2.6,0.823,1.172,21.41,0.601,False,0.1332,3.8344,18.19,False
False,-0.048,-0.0192,36.56,2.6,0.823,1.172,21.41,0.601,False,0.348,1.9272,0.0,False
True,-0.0453,-0.0101,33.48,2.43,1.601,0.785,36.85,0.465,True,0.833,0.3616,12.886,False
False,-0.0453,-0.0101,33.48,2.43,1.601,0.785,36.85,0.465,True,0.7599,0.3285,0.0,False
True,0.0249,0.0095,21.96,10.68,1.093,1.359,30.0,0.64,False,0.2935,1.0164,2.998,False
False,0.0249,0.0095,21.96,10.68,1.093,1.359,30.0,0.64,True,1.0772,0.7912,0.0,False
True,-0.0558,0.0087,27.05,13.45,1.174,1.195,34.52,0.735,False,0.2655,7.5782,2.998,False
False,-0.0558,0.0087,27.05,13.45,1.174,1.195,34.52,0.735,False,0.4106,5.0211,0.0,False
True,-0.0377,-0.0121,28.16,11.33,1.659,1.229,22.11,0.453,False,0.1632,3.2827,14.334,False
False,-0.0377,-0.0121,28.16,11.33,1.659,1.229,22.11,0.453,False,0.2137,2.4901,0.0,False
True,-0.0205,-0.0072,25.14,4.55,0.845,0.755,35.17,0.511,False,0.0355,12.4705,11.97,False
False,-0.0205,-0.0072,25.14,4.55,0.845,0.755,35.17,0.511,False,0.2501,1.2133,0.0,False
True,0.0123,0.0059,30.38,14.06,1.01,1.284,23.92,0.697,False,0.1806,2.1775,2.998,False
False,0.0123,0.0059,30.38,14.06,1.01,1.284,23.92,0.697,False,0.2842,1.3668,0.0,False
True,-0.0187,0.0048,38.29,5.25,0.81,1.205,33.62,0.481,False,0.399,2.5842,9.89,False
False,-0.0187,0.0048,38.29,5.25,0.81,1.205,33.62,0.481,False,0.2842,3.4601,0.0,False
True,0.0239,-0.0014,29.77,9.16,1.063,0.813,25.41,0.768,False,0.0219,7.3608,10.082,False
False,0.0239,-0.0014,29.77,9.16,1.063,0.813,25.41,0.768,False,0.0748,3.2422,0.0,False
True,-0.0125,0.006,23.41,3.51,1.178,0.975,33.11,0.486,False,0.0646,4.2716,2.998,False
False,-0.0125,0.006,23.41,3.51,1.178,0.975,33.11,0.486,False,0.0747,3.9155,0.0,False
True,0.0202,-0.0034,44.99,4.49,1.636,0.948,30.51,0.608,False,0.0664,4.6629,9.494,False
False,0.0202,-0.0034,44.99,4.49,1.636,0.948,30.51,0.608,True,1.9897,0.6991,0.0,False
True,-0.0059,-0.0166,24.86,7.12,0.827,1.227,29.7,0.698,False,0.0277,12.8255,17.278,False
False,-0.0059,-0.0166,24.86,7.12,0.827,1.227,29.7,0.698,False,0.388,1.1586,0.0,False
True,0.0185,-0.014,43.38,7.52,1.473,1.109,34.79,0.519,True,0.8696,0.1549,18.242,False
False,0.0185,-0.014,43.38,7.52,1.473,1.109,34.79,0.519,True,1.5702,0.2608,0.0,False
True,-0.0215,0.0044,33.66,3.68,1.39,1.271,20.43,0.554,False,0.144,1.425,8.698,False
False,-0.0215,0.0044,33.66,3.68,1.39,1.271,20.43,0.554,False,0.0859,2.4697,0.0,False
True,-0.014,-0.0017,43.82,2.93,1.327,1.123,28.68,0.467,False,0.3026,2.8374,13.336,False
False,-0.014,-0.0017,43.82,2.93,1.327,1.123,28.68,0.467,False,0.3403,2.8836,0.0,False
True,-0.0614,-0.0022,44.27,7.34,1.34,0.782,32.67,0.533,True,0.5312,0.8303,13.42,False
False,-0.0614,-0.0022,44.27,7.34,1.34,0.782,32.67,0.533,False,0.5741,4.9054,0.0,False
True,-0.0553,0.0064,34.6,12.16,1.748,0.717,31.35,0.617,True,0.8803,0.9491,2.998,False
False,-0.0553,0.0064,34.6,12.16,1.748,0.717,31.35,0.617,False,0.2053,10.2865,0.0,False
True,0.0211,-0.0061,32.58,12.25,1.737,1.387,32.14,0.538,False,0.0891,3.4994,10.47,False
False,0.0211,-0.0061,32.58,12.25,1.737,1.387,32.14,0.538,True,1.1668,0.158,0.0,False
True,0.0061,0.0052,30.05,8.22,1.187,0.955,26.7,0.516,False,0.2039,1.4433,2.998,False
False,0.0061,0.0052,30.05,8.22,1.187,0.955,26.7,0.516,False,0.119,2.121,0.0,False
True,-0.0465,0.0002,34.84,6.51,1.732,1.063,26.19,0.61,False,0.2346,4.4947,11.192,False
False,-0.0465,0.0002,34.84,6.51,1.732,1.063,26.19,0.61,False,0.141,6.9504,0.0,False
True,-0.0231,-0.0185,27.97,9.59,1.205,1.178,28.07,0.666,False,0.2014,4.0762,17.85,False
False,-0.0231,-0.0185,27.97,9.59,1.205,1.178,28.07,0.666,False,0.5401,1.9121,0.0,False
True,-0.0153,0.001,29.46,12.96,1.188,1.116,33.03,0.618,False,0.1027,8.0083,11.84,False
False,-0.0153,0.001,29.46,12.96,1.188,1.116,33.03,0.618,False,0.29,3.6436,0.0,False
True,-0.0448,-0.0007,21.59,7.3,1.232,1.163,35.87,0.634,False,0.4169,2.544,11.498,False
False,-0.0448,-0.0007,21.59,7.3,1.232,1.163,35.87,0.634,True,0.6152,1.6645,0.0,False
True,-0.0138,-0.0094,35.26,14.88,0.849,1.15,33.8,0.732,False,0.1213,8.2229,14.002,False
False,-0.0138,-0.0094,35.26,14.88,0.849,1.15,33.8,0.732,True,0.7176,0.4366,0.0,False
True,-0.0325,0.0059,44.7,4.57,1.775,1.353,30.16,0.503,True,0.6755,0.7597,2.998,False
False,-0.0325,0.0059,44.7,4.57,1.775,1.353,30.16,0.503,True,0.3982,0.4182,0.0,False
True,-0.0354,-0.0037,22.82,4.27,1.546,1.351,20.38,0.745,False,0.1052,1.481,11.944,False
False,-0.0354,-0.0037,22.82,4.27,1.546,1.351,20.38,0.745,False,0.1046,1.2454,0.0,False
True,-0.0513,0.0084,41.63,14.28,1.263,1.363,24.75,0.567,False,0.466,3.5729,2.998,False
False,-0.0513,0.0084,41.63,14.28,1.263,1.363,24.75,0.567,False,0.2495,7.0635,0.0,False
True,-0.036,0.0056,32.19,6.82,0.836,1.284,36.56,0.47,False,0.0611,22.3304,2.998,False
False,-0.036,0.0056,32.19,6.82,0.836,1.284,36.56,0.47,False,0.3063,4.1595,0.0,False
True,0.0056,-0.0194,27.88,12.72,0.998,1.085,27.9,0.51,True,0.621,0.3315,25.0,False
False,0.0056,-0.0194,27.88,12.72,0.998,1.085,27.9,0.51,False,0.3626,1.8742,0.0,False
True,-0.0584,0.0005,37.52,4.71,1.249,0.827,21.59,0.795,False,0.0649,9.5146,10.792,False
False,-0.0584,0.0005,37.52,4.71,1.249,0.827,21.59,0.795,False,0.1276,5.6132,0.0,False
True,-0.0009,-0.0063,25.28,5.19,0.859,1.36,25.06,0.532,False,0.015,4.5352,12.68,False
False,-0.0009,-0.0063,25.28,5.19,0.859,1.36,25.06,0.532,False,0.0962,1.0528,0.0,False
True,-0.0524,-0.0191,26.48,3.48,1.563,0.9,21.21,0.669,False,0.064,4.5997,14.582,False
False,-0.0524,-0.0191,26.48,3.48,1.563,0.9,21.21,0.669,False,0.2964,0.7835,0.0,False
True,0.002,-0.0107,40.22,5.0,1.173,1.222,21.91,0.729,False,0.0111,12.251,14.966,False
False,0.002,-0.0107,40.22,5.0,1.173,1.222,21.91,0.729,True,1.4286,0.4021,0.0,False
True,-0.002,0.0081,33.15,4.32,1.132,1.154,30.87,0.738,False,0.0717,4.5548,2.998,False
False,-0.002,0.0081,33.15,4.32,1.132,1.154,30.87,0.738,False,0.0958,3.1786,0.0,False
True,0.0125,-0.0011,40.1,2.97,1.352,1.367,29.04,0.604,False,0.0242,6.0234,8.462,False
False,0.0125,-0.0011,40.1,2.97,1.352,1.367,29.04,0.604,False,0.1182,1.9846,0.0,False
True,-0.0123,-0.0082,27.28,9.97,1.335,1.137,23.34,0.672,False,0.031,6.3396,13.184,False
False,-0.0123,-0.0082,27.28,9.97,1.335,1.137,23.34,0.672,False,0.2631,1.5815,0.0,False
True,0.0237,-0.0023,31.82,10.85,1.24,0.922,20.75,0.509,False,0.0506,2.7074,8.51,False
False,0.0237,-0.0023,31.82,10.85,1.24,0.922,20.75,0.509,False,0.1226,1.03,0.0,False
True,-0.0197,-0.0063,41.8,10.49,1.294,0.845,23.57,0.512,False,0.0806,8.4796,11.808,False
False,-0.0197,-0.0063,41.8,10.49,1.294,0.845,23.57,0.512,False,0.2356,3.1129,0.0,False
True,0.0142,-0.0179,33.9,13.16,1.292,1.147,34.03,0.414,True,1.031,0.4672,20.268,False
False,0.0142,-0.0179,33.9,13.16,1.292,1.147,34.03,0.414,True,0.5615,0.5846,0.0,False
True,-0.0654,-0.015,37.0,14.42,0.908,0.904,39.94,0.539,True,0.4426,1.0926,13.592,False
False,-0.0654,-0.015,37.0,14.42,0.908,0.904,39.94,0.539,True,1.1868,1.2293,0.0,False
True,-0.0122,-0.0126,24.68,14.25,1.077,1.212,26.08,0.594,False,0.8588,1.0272,14.458,False
False,-0.0122,-0.0126,24.68,14.25,1.077,1.212,26.08,0.594,True,1.1989,0.269,0.0,False
True,-0.0032,-0.011,43.32,12.92,1.305,1.357,22.56,0.477,False,0.1098,4.6296,15.132,False
False,-0.0032,-0.011,43.32,12.92,1.305,1.357,22.56,0.477,False,0.3755,1.6578,0.0,False
True,0.0196,-0.004,40.4,12.39,1.688,0.711,38.94,0.693,True,0.7312,1.4931,13.084,False
False,0.0196,-0.004,40.4,12.39,1.688,0.711,38.94,0.693,True,0.4115,0.5125,0.0,False
True,-0.0526,-0.0164,22.63,3.86,1.056,1.094,21.61,0.565,False,0.0257,8.194,13.636,False
False,-0.0526,-0.0164,22.63,3.86,1.056,1.094,21.61,0.565,False,0.2928,0.5652,0.0,False
True,0.0005,-0.011,22.18,4.05,1.227,0.838,37.96,0.642,False,0.0449,5.2751,15.352,False
False,0.0005,-0.011,22.18,4.05,1.227,0.838,37.96,0.642,True,1.0265,0.3431,0.0,False
True,-0.0291,0.0087,42.06,4.31,1.139,0.722,36.61,0.718,False,0.0167,78.5408,2.998,False
False,-0.0291,0.0087,42.06,4.31,1.139,0.722,36.61,0.718,True,0.343,0.5794,0.0,False
True,-0.0257,0.0051,33.83,7.79,1.047,1.073,29.72,0.703,False,0.0607,14.0001,9.804,False
False,-0.0257,0.0051,33.83,7.79,1.047,1.073,29.72,0.703,False,0.0988,8.3274,0.0,False
True,0.0225,-0.0052,26.78,13.83,0.961,1.366,34.55,0.541,True,1.5496,0.2926,9.342,False
False,0.0225,-0.0052,26.78,13.83,0.961,1.366,34.55,0.541,True,1.3115,0.1679,0.0,False
True,-0.0603,-0.0088,35.55,9.45,0.964,1.286,34.22,0.699,True,0.4539,1.0949,14.268,False
False,-0.0603,-0.0088,35.55,9.45,0.964,1.286,34.22,0.699,True,0.5671,0.4131,0.0,False
True,-0.0091,-0.0196,27.31,8.39,1.429,0.969,35.82,0.602,True,1.0329,0.4765,18.306,False
False,-0.0091,-0.0196,27.31,8.39,1.429,0.969,35.82,0.602,True,0.6123,0.395,0.0,False
True,0.0176,0.0091,41.99,5.66,1.251,0.925,31.29,0.405,True,2.6974,0.1427,2.998,False
False,0.0176,0.0091,41.99,5.66,1.251,0.925,31.29,0.405,True,0.6813,0.3759,0.0,False
True,-0.0232,0.0053,26.63,10.41,1.634,0.719,25.55,0.552,False,0.2235,2.5926,2.998,False
False,-0.0232,0.0053,26.63,10.41,1.634,0.719,25.55,0.552,False,0.3267,1.814,0.0,False
True,0.0098,-0.0146,34.38,9.07,1.486,1.299,23.28,0.682,False,0.0528,4.8017,21.732,False
False,0.0098,-0.0146,34.38,9.07,1.486,1.299,23.28,0.682,True,1.0497,0.4382,0.0,False
True,-0.0698,-0.0131,36.51,13.27,1.165,0.979,32.17,0.466,True,0.6018,0.7503,12.036,False
False,-0.0698,-0.0131,36.51,13.27,1.165,0.979,32.17,0.466,False,0.6443,3.6139,0.0,False
True,-0.0578,0.0092,29.17,11.43,0.834,0.854,25.84,0.767,False,0.3128,4.868,2.998,False
False,-0.0578,0.0092,29.17,11.43,0.834,0.854,25.84,0.767,False,0.2941,5.0227,0.0,False
True,-0.0611,-0.0124,44.4,6.54,1.655,1.027,37.67,0.772,True,0.2986,1.6455,14.704,False
False,-0.0611,-0.0124,44.4,6.54,1.655,1.027,37.67,0.772,True,0.2496,1.0341,0.0,False
True,-0.0297,-0.0139,28.15,3.58,1.079,1.352,22.19,0.604,False,0.0331,5.0277,13.99,False
False,-0.0297,-0.0139,28.15,3.58,1.079,1.352,22.19,0.604,False,0.2504,0.7818,0.0,False
True,0.0022,-0.0009,41.31,12.03,1.244,1.369,34.69,0.606,False,0.0575,8.8765,11.718,False
False,0.0022,-0.0009,41.31,12.03,1.244,1.369,34.69,0.606,False,0.3561,2.1287,0.0,False
True,-0.0396,0.0083,27.35,13.67,1.387,0.725,20.72,0.448,False,0.2225,2.451,2.998,False
False,-0.0396,0.0083,27.35,13.67,1.387,0.725,20.72,0.448,False,0.0673,8.4178,0.0,False
True,-0.013,-0.0198,32.51,3.07,0.987,0.945,38.42,0.459,True,1.885,0.2941,18.168,False
False,-0.013,-0.0198,32.51,3.07,0.987,0.945,38.42,0.459,True,0.5469,0.8451,0.0,False
True,0.0053,-0.0016,37.44,3.05,0.828,1.383,35.7,0.777,False,0.1552,2.085,12.49,False
False,0.0053,-0.0016,37.44,3.05,0.828,1.383,35.7,0.777,False,0.1162,2.8075,0.0,False
True,-0.0668,-0.0173,27.12,6.02,1.627,0.857,39.42,0.636,False,3.1507,0.8399,13.482,True
False,-0.0668,-0.0173,27.12,6.02,1.627,0.857,39.42,0.636,True,0.4413,0.5431,0.0,False
True,-0.0542,-0.0089,22.66,11.77,1.632,0.869,23.03,0.578,False,0.2133,3.7814,11.956,False
False,-0.0542,-0.0089,22.66,11.77,1.632,0.869,23.03,0.578,False,0.3298,2.3537,0.0,False
True,-0.0099,-0.0115,23.69,12.93,1.728,0.856,22.89,0.696,False,0.1418,3.3347,15.202,False
False,-0.0099,-0.0115,23.69,12.93,1.728,0.856,22.89,0.696,True,1.238,0.2721,0.0,False
True,0.0214,0.0026,34.7,10.12,0.927,1.066,36.14,0.428,False,0.2079,1.9817,10.798,False
False,0.0214,0.0026,34.7,10.12,0.927,1.066,36.14,0.428,False,0.2614,1.902,0.0,False
True,0.0233,-0.0133,44.5,12.14,1.355,1.135,33.28,0.625,True,0.8902,0.3633,19.518,False
False,0.0233,-0.0133,44.5,12.14,1.355,1.135,33.28,0.625,True,1.0974,0.3159,0.0,False
True,-0.0551,0.0008,20.34,6.36,1.134,0.859,21.04,0.59,False,0.0196,13.2317,10.904,False
False,-0.0551,0.0008,20.34,6.36,1.134,0.859,21.04,0.59,False,0.0585,3.7538,0.0,False
True,-0.0547,-0.0053,26.3,13.2,0.993,1.02,33.96,0.485,False,0.7403,2.3428,13.468,False
False,-0.0547,-0.0053,26.3,13.2,0.993,1.02,33.96,0.485,False,0.31,5.9467,0.0,False
True,0.0031,-0.0174,25.74,7.54,1.619,1.342,30.21,0.731,True,1.2901,0.3921,25.0,False
False,0.0031,-0.0174,25.74,7.54,1.619,1.342,30.21,0.731,True,1.756,0.4109,0.0,False
True,-0.0474,0.0096,25.3,14.79,1.597,0.874,31.05,0.419,False,1.1391,1.0944,2.998,False
False,-0.0474,0.0096,25.3,14.79,1.597,0.874,31.05,0.419,False,0.9135,1.3524,0.0,False
True,-0.0548,-0.0045,26.1,3.76,0.911,0.792,30.07,0.584,False,0.0583,9.0739,13.892,False
False,-0.0548,-0.0045,26.1,3.76,0.911,0.792,30.07,0.584,False,0.3758,1.693,0.0,False
True,-0.0428,0.0024,23.03,3.21,1.644,0.708,29.66,0.704,False,0.1929,2.0974,9.572,False
False,-0.0428,0.0024,23.03,3.21,1.644,0.708,29.66,0.704,False,0.0529,7.8074,0.0,False
True,0.0029,0.002,39.86,9.1,1.329,1.32,35.32,0.552,False,0.2776,1.8745,11.276,False
False,0.0029,0.002,39.86,9.1,1.329,1.32,35.32,0.552,False,0.233,2.9045,0.0,False
True,-0.0196,-0.0188,22.14,9.14,1.595,1.332,23.89,0.664,False,0.049,8.1686,17.688,False
False,-0.0196,-0.0188,22.14,9.14,1.595,1.332,23.89,0.664,False,0.3598,1.2792,0.0,False
True,-0.0271,0.0071,44.86,3.7,1.692,1.003,34.93,0.489,True,0.2384,1.3751,2.998,False
False,-0.0271,0.0071,44.86,3.7,1.692,1.003,34.93,0.489,True,0.2808,1.0753,0.0,False
True,-0.0694,-0.0098,44.64,10.44,1.402,1.388,22.43,0.669,False,0.4948,3.5424,11.646,False
False,-0.0694,-0.0098,44.64,10.44,1.402,1.388,22.43,0.669,False,0.3353,5.0748,0.0,False
True,-0.0538,0.0094,20.19,8.81,1.067,0.986,26.6,0.535,False,0.2772,2.437,2.998,False
False,-0.0538,0.0094,20.19,8.81,1.067,0.986,26.6,0.535,False,0.1577,3.8608,0.0,False
True,0.0114,-0.0069,31.1,12.64,1.091,0.831,29.16,0.591,False,0.1417,2.4595,11.602,False
False,0.0114,-0.0069,31.1,12.64,1.091,0.831,29.16,0.591,False,1.1163,1.0035,0.0,False
True,-0.0594,0.0066,33.28,2.85,1.496,0.879,20.34,0.481,False,0.0911,7.1168,2.998,False
False,-0.0594,0.0066,33.28,2.85,1.496,0.879,20.34,0.481,False,0.1774,3.5523,0.0,False
True,-0.04,-0.0156,34.19,13.51,0.985,1.21,20.07,0.482,False,0.2755,2.3302,13.696,False
False,-0.04,-0.0156,34.19,13.51,0.985,1.21,20.07,0.482,False,0.3136,2.2756,0.0,False
True,-0.0294,-0.0053,32.45,4.21,1.494,1.072,30.78,0.605,False,0.1676,3.4845,12.836,False
False,-0.0294,-0.0053,32.45,4.21,1.494,1.072,30.78,0.605,False,0.1991,2.9803,0.0,False
True,0.0141,0.0034,36.13,2.95,1.605,1.102,23.86,0.631,False,0.1185,1.0315,11.966,False
False,0.0141,0.0034,36.13,2.95,1.605,1.102,23.86,0.631,False,0.0911,1.8443,0.0,False
True,-0.0499,-0.0029,35.48,8.11,1.379,0.999,28.34,0.458,False,0.6796,2.0039,14.586,False
False,-0.0499,-0.0029,35.48,8.11,1.379,0.999,28.34,0.458,False,0.7804,1.8027,0.0,False
True,-0.0021,0.0069,24.65,6.19,1.562,0.928,26.49,0.691,False,0.0383,5.4065,2.998,False
False,-0.0021,0.0069,24.65,6.19,1.562,0.928,26.49,0.691,False,0.0493,4.4027,0.0,False
True,-0.0643,0.0044,29.97,2.38,1.026,0.99,34.42,0.684,False,0.2801,4.0105,9.72,False
False,-0.0643,0.0044,29.97,2.38,1.026,0.99,34.42,0.684,False,0.2155,5.7371,0.0,False
True,-0.012,-0.0067,43.3,9.02,1.723,1.296,37.42,0.535,True,1.8609,0.5598,11.238,False
False,-0.012,-0.0067,43.3,9.02,1.723,1.296,37.42,0.535,True,0.5662,0.5089,0.0,False
True,-0.0619,-0.0182,41.12,2.59,1.765,1.239,24.82,0.792,True,0.3162,6.2945,14.996,False
False,-0.0619,-0.0182,41.12,2.59,1.765,1.239,24.82,0.792,False,0.524,2.7692,0.0,False
True,-0.0447,-0.0144,21.67,2.86,1.69,1.329,35.67,0.611,False,0.1068,4.902,14.52,False
False,-0.0447,-0.0144,21.67,2.86,1.69,1.329,35.67,0.611,False,0.286,1.6549,0.0,False
True,-0.0096,-0.005,31.11,2.02,1.159,1.349,28.96,0.742,False,0.0109,15.2647,14.218,False
False,-0.0096,-0.005,31.11,2.02,1.159,1.349,28.96,0.742,False,0.2289,0.6392,0.0,False
True,-0.0145,-0.0062,42.35,2.69,1.55,1.322,38.78,0.524,True,0.0198,15.3167,12.658,False
False,-0.0145,-0.0062,42.35,2.69,1.55,1.322,38.78,0.524,True,0.7538,0.4375,0.0,False
True,-0.0194,0.0017,42.81,9.68,0.955,1.041,33.53,0.55,False,0.3422,3.5357,9.4,False
False,-0.0194,0.0017,42.81,9.68,0.955,1.041,33.53,0.55,False,0.1004,11.8706,0.0,False
True,0.0187,-0.0059,39.95,7.84,1.677,1.083,20.21,0.472,False,0.1682,1.0221,11.702,False
False,0.0187,-0.0059,39.95,7.84,1.677,1.083,20.21,0.472,False,0.3075,0.7064,0.0,False
True,-0.0662,-0.0027,29.27,5.24,0.874,1.079,35.52,0.444,False,1.2818,1.2828,4.75,False
False,-0.0662,-0.0027,29.27,5.24,0.874,1.079,35.52,0.444,False,1.3727,1.2153,0.0,False
True,-0.0236,0.0065,44.81,5.75,1.04,0.987,21.68,0.493,False,0.1344,4.6443,2.998,False
False,-0.0236,0.0065,44.81,5.75,1.04,0.987,21.68,0.493,False,0.2756,2.4596,0.0,False
True,-0.0692,0.0081,42.68,13.97,1.585,1.395,35.97,0.731,True,0.2778,1.8343,2.998,False
False,-0.0692,0.0081,42.68,13.97,1.585,1.395,35.97,0.731,True,0.4068,0.829,0.0,False
True,0.0245,0.0089,30.79,5.33,1.146,1.038,39.75,0.474,False,0.0705,5.8671,2.998,False
False,0.0245,0.0089,30.79,5.33,1.146,1.038,39.75,0.474,False,0.2446,1.4132,0.0,False
True,-0.0572,-0.0047,31.62,11.71,1.579,1.273,34.85,0.646,True,0.3803,0.7871,13.584,False
False,-0.0572,-0.0047,31.62,11.71,1.579,1.273,34.85,0.646,True,0.6853,1.1154,0.0,False
True,-0.0403,-0.0006,34.09,8.9,1.348,0.927,29.19,0.786,False,0.1711,6.9192,11.778,False
False,-0.0403,-0.0006,34.09,8.9,1.348,0.927,29.19,0.786,False,0.2285,5.4692,0.0,False
True,0.0123,-0.0022,22.46,7.58,1.709,1.224,39.17,0.452,False,0.0166,12.4362,14.402,False
False,0.0123,-0.0022,22.46,7.58,1.709,1.224,39.17,0.452,False,0.07,4.5084,0.0,False
True,0.0028,0.0035,34.22,8.04,0.901,0.935,37.11,0.675,False,0.0392,13.5989,11.384,False
False,0.0028,0.0035,34.22,8.04,0.901,0.935,37.11,0.675,False,0.0464,10.4834,0.0,False
True,0.0018,-0.0095,28.79,8.98,0.834,1.098,35.4,0.582,False,0.1663,2.8935,14.018,False
False,0.0018,-0.0095,28.79,8.98,0.834,1.098,35.4,0.582,True,0.5805,0.8596,0.0,False
True,-0.0003,-0.0039,36.47,4.7,1.68,0.736,25.76,0.754,False,0.0986,2.1044,12.566,False
False,-0.0003,-0.0039,36.47,4.7,1.68,0.736,25.76,0.754,False,0.084,3.6469,0.0,False
True,-0.0621,-0.0169,23.24,9.53,1.7,0.704,23.21,0.633,False,0.3058,2.7269,14.606,False
False,-0.0621,-0.0169,23.24,9.53,1.7,0.704,23.21,0.633,False,0.2964,2.8193,0.0,False
True,-0.0132,-0.0136,20.15,14.71,1.547,1.007,38.12,0.775,True,0.8365,0.4213,15.796,False
False,-0.0132,-0.0136,20.15,14.71,1.547,1.007,38.12,0.775,True,0.7396,0.6176,0.0,False
True,-0.0491,-0.0154,40.95,5.95,0.979,0.746,26.03,0.774,False,0.247,4.6979,14.918,False
False,-0.0491,-0.0154,40.95,5.95,0.979,0.746,26.03,0.774,True,0.443,0.6609,0.0,False
True,0.0002,-0.0003,26.97,2.07,1.54,0.941,20.83,0.629,False,0.0079,3.5102,5.344,False
False,0.0002,-0.0003,26.97,2.07,1.54,0.941,20.83,0.629,False,0.0943,0.5956,0.0,False
True,0.0009,-0.0115,40.27,5.41,1.564,0.863,29.54,0.674,True,0.7554,0.7675,16.714,False
False,0.0009,-0.0115,40.27,5.41,1.564,0.863,29.54,0.674,True,1.1015,0.6572,0.0,False
True,0.0133,0.0065,37.38,14.93,1.015,0.946,37.92,0.647,False,0.4125,1.5303,2.998,False
False,0.0133,0.0065,37.38,14.93,1.015,0.946,37.92,0.647,False,0.4823,1.2194,0.0,False
True,-0.0233,0.0075,22.08,6.07,1.757,1.054,23.48,0.766,False,0.0399,6.7921,2.998,False
False,-0.0233,0.0075,22.08,6.07,1.757,1.054,23.48,0.766,False,0.0613,4.4536,0.0,False
True,-0.0375,-0.0061,38.7,13.92,1.153,0.82,20.31,0.765,False,1.5011,0.8265,12.376,False
False,-0.0375,-0.0061,38.7,13.92,1.153,0.82,20.31,0.765,False,0.5956,1.8842,0.0,False
True,-0.0587,-0.0168,35.42,7.76,1.104,0.787,39.33,0.623,False,1.9212,1.4236,13.798,False
False,-0.0587,-0.0168,35.42,7.76,1.104,0.787,39.33,0.623,True,0.088,6.0049,0.0,False
True,-0.0441,0.0097,26.35,2.27,1.543,1.028,39.32,0.571,True,0.2046,1.0303,2.998,False
False,-0.0441,0.0097,26.35,2.27,1.543,1.028,39.32,0.571,True,0.1917,1.1003,0.0,False
True,-0.0208,-0.0187,30.86,5.36,1.268,1.068,32.12,0.632,True,0.7315,1.0026,17.75,False
False,-0.0208,-0.0187,30.86,5.36,1.268,1.068,32.12,0.632,True,0.3534,0.6175,0.0,False
True,-0.0016,-0.0083,30.98,12.48,0.914,1.001,33.91,0.792,True,0.6021,1.2506,13.77,False
False,-0.0016,-0.0083,30.98,12.48,0.914,1.001,33.91,0.792,True,1.0653,0.6681,0.0,False
True,-0.0071,0.009,38.99,14.85,1.042,1.33,39.55,0.576,False,0.091,11.1013,2.998,False
False,-0.0071,0.009,38.99,14.85,1.042,1.33,39.55,0.576,False,0.0899,10.4957,0.0,False
True,0.0157,-0.0019,44.22,3.32,1.221,1.33,35.42,0.73,False,0.0347,10.4714,16.224,False
False,0.0157,-0.0019,44.22,3.32,1.221,1.33,35.42,0.73,True,0.2425,6.3039,0.0,False
True,-0.0504,-0.0041,35.78,10.9,1.031,1.259,20.12,0.439,False,0.5178,1.2141,13.166,False
False,-0.0504,-0.0041,35.78,10.9,1.031,1.259,20.12,0.439,False,0.3997,1.4966,0.0,False
True,-0.0413,0.0054,36.61,5.92,0.946,0.806,38.49,0.529,True,0.3616,4.408,2.998,False
False,-0.0413,0.0054,36.61,5.92,0.946,0.806,38.49,0.529,False,0.4671,3.6775,0.0,False
True,0.0004,-0.0172,34.78,13.3,0.872,1.146,36.98,0.753,True,0.8764,0.4426,25.0,False
False,0.0004,-0.0172,34.78,13.3,0.872,1.146,36.98,0.753,True,0.7368,0.7076,0.0,False
True,-0.0262,0.0036,41.02,14.82,0.924,1.39,35.34,0.407,True,1.1315,0.9368,8.586,False
False,-0.0262,0.0036,41.02,14.82,0.924,1.39,35.34,0.407,True,0.6531,0.9521,0.0,False
True,0.0208,0.0082,28.21,9.21,1.407,1.165,20.1,0.659,False,0.0841,1.6699,2.998,False
False,0.0208,0.0082,28.21,9.21,1.407,1.165,20.1,0.659,False,0.1604,0.8346,0.0,False
True,-0.0573,0.0064,41.06,6.09,1.357,0.714,31.96,0.776,True,0.4779,0.4795,2.998,False
False,-0.0573,0.0064,41.06,6.09,1.357,0.714,31.96,0.776,True,0.5114,0.4802,0.0,False
True,0.0058,0.0031,44.92,3.11,0.971,1.241,25.04,0.608,False,0.1676,1.5142,11.04,False
False,0.0058,0.0031,44.92,3.11,0.971,1.241,25.04,0.608,False,0.1936,1.4779,0.0,False
True,-0.0474,-0.0074,30.51,9.66,0.867,1.111,34.56,0.679,False,1.416,1.5269,12.712,False
False,-0.0474,-0.0074,30.51,9.66,0.867,1.111,34.56,0.679,True,0.6307,0.6888,0.0,False
True,0.0236,-0.012,36.33,4.62,1.117,0.973,23.3,0.561,False,0.1311,1.2725,18.516,False
False,0.0236,-0.012,36.33,4.62,1.117,0.973,23.3,0.561,False,0.8211,0.9062,0.0,False
True,-0.0224,-0.0166,41.71,8.4,1.248,0.814,28.31,0.586,True,0.5574,1.4018,25.0,False
False,-0.0224,-0.0166,41.71,8.4,1.248,0.814,28.31,0.586,True,0.6352,0.4242,0.0,False
True,-0.0437,-0.0028,33.32,9.01,1.02,1.386,24.6,0.414,False,0.1223,5.9482,13.544,False
False,-0.0437,-0.0028,33.32,9.01,1.02,1.386,24.6,0.414,False,0.2506,2.6585,0.0,False
True,-0.0158,-0.0128,31.45,7.65,1.759,0.734,26.06,0.748,False,0.0927,4.7186,14.62,False
False,-0.0158,-0.0128,31.45,7.65,1.759,0.734,26.06,0.748,False,0.199,2.7192,0.0,False
True,0.006,0.0018,33.98,7.68,1.316,1.216,26.44,0.554,False,0.1002,2.3926,11.408,False
False,0.006,0.0018,33.98,7.68,1.316,1.216,26.44,0.554,False,0.272,0.9864,0.0,False
True,-0.0159,-0.0163,39.39,2.12,1.79,0.804,30.69,0.774,True,0.6544,0.6644,16.606,False
False,-0.0159,-0.0163,39.39,2.12,1.79,0.804,30.69,0.774,True,0.2566,2.3378,0.0,False
True,-0.0292,-0.0033,34.51,5.39,0.934,0.801,20.95,0.524,False,0.1863,1.5887,12.004,False
False,-0.0292,-0.0033,34.51,5.39,0.934,0.801,20.95,0.524,False,0.1058,2.7217,0.0,False
True,-0.033,-0.0018,38.86,13.74,1.571,0.981,27.84,0.743,False,0.0864,15.795,5.042,False
False,-0.033,-0.0018,38.86,13.74,1.571,0.981,27.84,0.743,False,0.1208,11.0079,0.0,False
True,-0.0237,-0.0148,24.27,2.1,1.47,0.954,29.85,0.411,False,0.5684,0.7144,15.704,False
False,-0.0237,-0.0148,24.27,2.1,1.47,0.954,29.85,0.411,False,0.19,1.7629,0.0,False
True,-0.0184,0.0009,42.51,6.85,1.7,0.817,24.47,0.603,False,0.1266,4.6994,11.172,False
False,-0.0184,0.0009,42.51,6.85,1.7,0.817,24.47,0.603,False,0.0885,7.5597,0.0,False
True,-0.0323,-0.0109,34.9,5.54,1.201,1.28,35.0,0.418,True,1.2017,0.4622,13.674,False
False,-0.0323,-0.0109,34.9,5.54,1.201,1.28,35.0,0.418,True,1.1497,0.7188,0.0,False
True,-0.026,-0.0195,28.25,9.84,0.877,0.789,22.76,0.57,False,0.0255,19.7517,22.798,False
False,-0.026,-0.0195,28.25,9.84,0.877,0.789,22.76,0.57,False,0.2699,2.1229,0.0,False
True,-0.0398,-0.0064,38.45,2.21,1.458,0.963,20.59,0.422,False,0.2593,2.2475,12.284,False
False,-0.0398,-0.0064,38.45,2.21,1.458,0.963,20.59,0.422,False,0.5558,1.2039,0.0,False
True,0.0103,-0.0026,31.77,2.5,1.761,1.324,38.31,0.708,False,0.0865,2.6421,14.626,False
False,0.0103,-0.0026,31.77,2.5,1.761,1.324,38.31,0.708,False,0.095,2.4853,0.0,False
True,0.012,0.0041,42.62,4.26,1.35,0.809,32.01,0.752,False,0.298,1.1626,11.422,False
False,0.012,0.0041,42.62,4.26,1.35,0.809,32.01,0.752,False,0.2822,1.3094,0.0,False
True,-0.0209,-0.0005,20.9,8.69,1.113,0.951,24.05,0.425,False,0.0208,7.2295,11.552,False
False,-0.0209,-0.0005,20.9,8.69,1.113,0.951,24.05,0.425,False,0.2154,0.9768,0.0,False
True,0.0091,0.0074,23.58,3.43,0.815,1.242,38.0,0.421,False,0.0334,5.8857,2.998,False
False,0.0091,0.0074,23.58,3.43,0.815,1.242,38.0,0.421,False,0.0802,2.9918,0.0,False
True,0.0203,-0.0162,28.99,6.29,1.778,1.069,38.28,0.762,True,0.593,0.7822,21.91,False
False,0.0203,-0.0162,28.99,6.29,1.778,1.069,38.28,0.762,True,0.4501,0.9568,0.0,False
True,-0.0645,0.0079,31.32,9.3,1.02,0.764,33.66,0.648,False,0.2895,7.0651,2.998,False
False,-0.0645,0.0079,31.32,9.3,1.02,0.764,33.66,0.648,False,0.3045,6.395,0.0,False
True,-0.0011,0.0005,28.31,9.9,1.48,0.909,27.42,0.672,False,0.0194,18.3917,13.978,False
False,-0.0011,0.0005,28.31,9.9,1.48,0.909,27.42,0.672,False,0.155,2.8006,0.0,False
True,0.0101,-0.0136,38.51,13.71,1.369,1.322,39.49,0.413,True,1.0755,0.347,20.394,False
False,0.0101,-0.0136,38.51,13.71,1.369,1.322,39.49,0.413,True,0.5728,0.3648,0.0,False
True,-0.0319,0.0014,32.48,3.36,1.1,0.939,22.5,0.537,False,0.0423,7.9397,9.39,False
False,-0.0319,0.0014,32.48,3.36,1.1,0.939,22.5,0.537,False,0.0722,3.4137,0.0,False
True,-0.0431,0.0012,37.68,2.99,1.074,0.809,37.82,0.664,False,0.1333,11.5753,11.038,False
False,-0.0431,0.0012,37.68,2.99,1.074,0.809,37.82,0.664,True,0.326,0.6077,0.0,False
True,-0.0093,-0.0087,21.88,13.79,1.341,1.365,27.17,0.681,False,0.0611,9.7266,13.792,False
False,-0.0093,-0.0087,21.88,13.79,1.341,1.365,27.17,0.681,True,1.4494,0.2408,0.0,False
True,-0.0351,0.0019,42.79,9.87,0.943,0.827,37.74,0.462,True,1.1894,0.5469,9.682,False
False,-0.0351,0.0019,42.79,9.87,0.943,0.827,37.74,0.462,True,1.1486,1.2148,0.0,False
True,0.0217,-0.018,30.44,4.96,1.735,1.392,29.6,0.72,True,0.1425,3.2808,21.332,False
False,0.0217,-0.018,30.44,4.96,1.735,1.392,29.6,0.72,True,0.972,0.409,0.0,False
True,-0.0649,-0.0187,27.65,8.21,1.486,1.203,29.38,0.434,False,0.8673,1.3325,14.67,False
False,-0.0649,-0.0187,27.65,8.21,1.486,1.203,29.38,0.434,False,0.7242,1.776,0.0,False
True,0.0081,-0.0124,30.69,7.61,1.154,1.04,22.71,0.714,False,0.0238,7.3504,16.468,False
False,0.0081,-0.0124,30.69,7.61,1.154,1.04,22.71,0.714,True,0.825,0.471,0.0,False
True,0.0105,0.0049,38.64,10.61,1.422,1.032,22.82,0.611,False,0.2602,0.9922,10.542,False
False,0.0105,0.0049,38.64,10.61,1.422,1.032,22.82,0.611,False,0.2695,1.1186,0.0,False
True,-0.0529,-0.0135,33.02,10.36,1.265,0.914,28.76,0.76,True,0.2239,3.4943,14.71,False
False,-0.0529,-0.0135,33.02,10.36,1.265,0.914,28.76,0.76,True,0.5156,1.4168,0.0,False
True,-0.0033,0.0057,23.32,14.18,1.782,1.097,38.46,0.667,False,0.0963,8.0974,2.998,False
False,-0.0033,0.0057,23.32,14.18,1.782,1.097,38.46,0.667,False,0.118,6.0404,0.0,False
True,0.0199,-0.0186,29.95,8.84,1.203,1.042,33.79,0.451,True,0.8953,0.256,21.146,False
False,0.0199,-0.0186,29.95,8.84,1.203,1.042,33.79,0.451,True,0.8401,0.3404,0.0,False
True,-0.0659,-0.0049,32.37,14.91,1.315,1.245,32.5,0.786,True,1.7472,1.5683,13.864,False
False,-0.0659,-0.0049,32.37,14.91,1.315,1.245,32.5,0.786,True,0.71,0.5561,0.0,False
True,-0.0634,0.0045,36.25,2.46,1.26,0.794,36.71,0.551,True,0.1082,2.2084,9.834,False
False,-0.0634,0.0045,36.25,2.46,1.26,0.794,36.71,0.551,True,0.4166,0.8468,0.0,False
True,-0.0597,-0.0035,35.23,7.87,1.286,1.126,35.27,0.483,True,0.6964,1.6225,14.466,False
False,-0.0597,-0.0035,35.23,7.87,1.286,1.126,35.27,0.483,True,0.9977,0.689,0.0,False
True,0.0076,0.0086,38.55,10.06,1.704,1.074,24.3,0.485,False,0.2707,1.4509,2.998,False
False,0.0076,0.0086,38.55,10.06,1.704,1.074,24.3,0.485,False,0.1193,3.2402,0.0,False
True,-0.0179,0.0001,42.15,7.0,1.533,1.309,32.48,0.651,False,0.0712,13.0268,11.344,False
False,-0.0179,0.0001,42.15,7.0,1.533,1.309,32.48,0.651,False,0.247,3.5171,0.0,False
True,-0.019,-0.007,20.39,4.85,1.195,0.762,24.1,0.496,False,0.0796,1.43,12.01,False
False,-0.019,-0.007,20.39,4.85,1.195,0.762,24.1,0.496,False,0.2281,0.3556,0.0,False
True,-0.0443,0.0056,39.66,9.6,1.008,1.14,21.25,0.449,False,0.3896,1.9086,2.998,False
False,-0.0443,0.0056,39.66,9.6,1.008,1.14,21.25,0.449,False,0.2869,2.6285,0.0,False
True,0.0044,0.0051,39.24,12.55,1.446,0.97,23.4,0.74,False,0.1684,2.4413,11.05,False
False,0.0044,0.0051,39.24,12.55,1.446,0.97,23.4,0.74,False,0.0626,6.7946,0.0,False
True,-0.0245,-0.0087,36.92,7.71,1.342,1.023,36.78,0.616,True,0.9233,0.9727,13.4,False
False,-0.0245,-0.0087,36.92,7.71,1.342,1.023,36.78,0.616,True,1.1631,1.1952,0.0,False
True,-0.0599,-0.0192,44.32,7.15,1.717,1.123,24.27,0.421,True,1.1827,0.2621,17.244,False
False,-0.0599,-0.0192,44.32,7.15,1.717,1.123,24.27,0.421,True,0.7613,1.3282,0.0,False
True,-0.0382,0.0038,25.36,11.62,1.389,0.933,27.55,0.423,False,0.0339,22.1224,9.576,False
False,-0.0382,0.0038,25.36,11.62,1.389,0.933,27.55,0.423,False,0.2891,2.4117,0.0,False
True,-0.0632,-0.0175,33.6,12.58,1.161,0.855,37.63,0.757,True,0.6218,0.8082,13.378,False
False,-0.0632,-0.0175,33.6,12.58,1.161,0.855,37.63,0.757,True,0.3713,0.4764,0.0,False
True,-0.0333,-0.007,26.59,7.43,1.614,1.144,31.75,0.564,False,0.124,6.0863,12.124,False
False,-0.0333,-0.007,26.59,7.43,1.614,1.144,31.75,0.564,False,0.3241,2.6203,0.0,False
True,0.0197,-0.0156,37.04,11.07,1.03,0.759,21.8,0.456,False,0.1523,2.283,20.678,False
False,0.0197,-0.0156,37.04,11.07,1.03,0.759,21.8,0.456,True,0.6561,0.3555,0.0,False
True,-0.0433,-0.004,30.45,2.48,1.399,0.702,24.65,0.636,False,0.0766,5.4505,11.914,False
False,-0.0433,-0.004,30.45,2.48,1.399,0.702,24.65,0.636,False,0.2298,1.9375,0.0,False
True,-0.059,-0.0082,24.94,8.92,1.523,1.034,37.36,0.427,False,1.0273,1.5214,14.074,False
False,-0.059,-0.0082,24.94,8.92,1.523,1.034,37.36,0.427,False,0.8142,2.0129,0.0,False
True,-0.0191,-0.0153,20.09,10.33,1.116,0.836,32.35,0.505,False,0.141,5.0566,19.404,False
False,-0.0191,-0.0153,20.09,10.33,1.116,0.836,32.35,0.505,False,0.3355,2.3029,0.0,False
True,-0.0168,-0.0055,42.88,8.49,0.93,1.141,27.98,0.54,False,0.2,4.258,11.86,False
False,-0.0168,-0.0055,42.88,8.49,0.93,1.141,27.98,0.54,False,0.119,7.4246,0.0,False
True,-0.0003,-0.0032,20.96,11.55,1.045,0.779,29.09,0.779,False,0.1881,2.5868,8.61,False
False,-0.0003,-0.0032,20.96,11.55,1.045,0.779,29.09,0.779,True,0.7065,0.6778,0.0,False
True,-0.0076,0.0047,26.84,13.43,0.904,1.272,38.53,0.534,False,0.3213,2.6944,11.122,False
False,-0.0076,0.0047,26.84,13.43,0.904,1.272,38.53,0.534,False,0.0854,9.8502,0.0,False
True,-0.0365,0.0026,35.5,12.98,1.259,0.868,31.09,0.504,False,0.5221,3.0892,9.664,False
False,-0.0365,0.0026,35.5,12.98,1.259,0.868,31.09,0.504,False,0.3542,4.5331,0.0,False
True,-0.0299,-0.0075,27.53,2.57,1.038,1.113,34.75,0.441,False,0.0448,12.6908,12.056,False
False,-0.0299,-0.0075,27.53,2.57,1.038,1.113,34.75,0.441,False,0.1089,4.6878,0.0,False
True,-0.0171,-0.0198,40.52,12.28,1.003,1.055,26.75,0.785,True,1.2458,0.3023,17.734,False
False,-0.0171,-0.0198,40.52,12.28,1.003,1.055,26.75,0.785,True,1.5919,0.2885,0.0,False
True,-0.0492,-0.013,44.67,4.01,0.821,1.183,27.26,0.689,False,1.9844,1.0303,13.13,False
False,-0.0492,-0.013,44.67,4.01,0.821,1.183,27.26,0.689,False,0.4339,3.6515,0.0,False
True,-0.0216,0.0069,30.28,14.58,1.525,1.169,34.15,0.652,False,0.0704,16.8159,2.998,False
False,-0.0216,0.0069,30.28,14.58,1.525,1.169,34.15,0.652,False,0.135,8.4486,0.0,False
True,0.0205,-0.0122,25.95,11.52,1.783,0.915,37.86,0.404,True,1.8621,0.2145,18.126,False
False,0.0205,-0.0122,25.95,11.52,1.783,0.915,37.86,0.404,True,0.6279,0.5658,0.0,False
True,0.0194,-0.0036,21.75,11.29,1.462,0.806,30.57,0.431,False,0.257,1.4705,13.542,False
False,0.0194,-0.0036,21.75,11.29,1.462,0.806,30.57,0.431,False,0.1269,1.6422,0.0,False
True,-0.046,-0.0145,44.47,13.99,1.298,1.205,25.85,0.433,False,0.7793,2.1013,15.1,False
False,-0.046,-0.0145,44.47,13.99,1.298,1.205,25.85,0.433,False,1.4722,1.1609,0.0,False
True,-0.0516,-0.0129,25.79,11.82,1.704,1.25,21.55,0.765,False,0.1276,7.2296,14.358,False
False,-0.0516,-0.0129,25.79,11.82,1.704,1.25,21.55,0.765,False,0.2459,4.0719,0.0,False
True,-0.0255,0.0016,26.7,11.65,1.77,0.775,29.99,0.523,False,0.0533,16.3358,8.65,False
False,-0.0255,0.0016,26.7,11.65,1.77,0.775,29.99,0.523,False,0.2344,4.5214,0.0,False
True,-0.0222,-0.0137,30.07,14.97,1.537,1.131,36.28,0.494,True,0.7625,0.949,14.198,False
False,-0.0222,-0.0137,30.07,14.97,1.537,1.131,36.28,0.494,True,1.0959,0.4072,0.0,False
True,-0.0674,-0.0066,28.68,4.4,1.157,1.193,36.68,0.555,True,0.6948,1.0796,14.38,False
False,-0.0674,-0.0066,28.68,4.4,1.157,1.193,36.68,0.555,False,0.3324,5.8656,0.0,False
True,-0.0371,-0.0076,43.2,5.22,1.478,0.918,30.73,0.557,True,0.3855,0.4561,12.228,False
False,-0.0371,-0.0076,43.2,5.22,1.478,0.918,30.73,0.557,True,0.4379,0.4499,0.0,False
True,-0.0583,-0.0029,38.82,4.74,0.874,1.016,26.57,0.678,False,0.2146,5.8846,14.816,False
False,-0.0583,-0.0029,38.82,4.74,0.874,1.016,26.57,0.678,False,0.3477,3.5769,0.0,False
True,-0.0266,0.0078,25.9,5.88,1.402,1.326,34.04,0.573,False,0.3562,2.0153,2.998,False
False,-0.0266,0.0078,25.9,5.88,1.402,1.326,34.04,0.573,False,0.1816,3.8004,0.0,False
True,-0.0426,-0.0032,31.6,11.75,1.216,1.008,33.19,0.654,False,0.7097,2.6604,13.032,False
False,-0.0426,-0.0032,31.6,11.75,1.216,1.008,33.19,0.654,False,1.3653,1.4042,0.0,False
True,-0.0005,-0.0056,24.0,7.19,1.136,0.85,37.55,0.539,False,0.0647,4.6905,12.356,False
False,-0.0005,-0.0056,24.0,7.19,1.136,0.85,37.55,0.539,False,0.1417,2.9404,0.0,False
True,-0.0533,-0.0176,36.81,4.15,1.129,1.384,24.97,0.66,False,0.0778,11.4195,16.118,False
False,-0.0533,-0.0176,36.81,4.15,1.129,1.384,24.97,0.66,False,0.3325,2.9872,0.0,False
True,-0.0579,-0.006,27.8,14.67,0.999,1.348,32.99,0.515,False,0.7062,2.9409,14.032,False
False,-0.0579,-0.006,27.8,14.67,0.999,1.348,32.99,0.515,False,0.8941,2.503,0.0,False
True,-0.0623,0.0039,21.92,13.57,1.183,1.343,32.36,0.568,False,0.4116,4.7548,9.53,False
False,-0.0623,0.0039,21.92,13.57,1.183,1.343,32.36,0.568,False,0.304,6.5852,0.0,False
True,-0.0268,-0.0002,29.53,12.48,0.848,1.248,32.68,0.712,False,0.069,20.0515,11.308,False
False,-0.0268,-0.0002,29.53,12.48,0.848,1.248,32.68,0.712,False,1.9615,1.1976,0.0,False
True,0.022,0.0031,36.43,11.85,1.754,1.187,37.7,0.567,False,0.2668,1.7167,11.614,False
False,0.022,0.0031,36.43,11.85,1.754,1.187,37.7,0.567,False,2.6584,0.7993,0.0,True
True,0.0089,-0.0199,31.54,8.34,0.976,1.164,34.83,0.525,True,0.7756,0.6785,25.0,False
False,0.0089,-0.0199,31.54,8.34,0.976,1.164,34.83,0.525,True,0.6069,0.3523,0.0,False
True,-0.0063,-0.0171,28.01,14.13,1.023,1.053,28.37,0.444,False,0.1658,4.3933,17.114,False
False,-0.0063,-0.0171,28.01,14.13,1.023,1.053,28.37,0.444,False,0.1883,4.2283,0.0,False
True,-0.0256,-0.0149,42.75,10.98,1.521,1.262,26.67,0.563,True,0.7899,0.7445,15.468,False
False,-0.0256,-0.0149,42.75,10.98,1.521,1.262,26.67,0.563,True,0.7596,0.2605,0.0,False
True,-0.0114,-0.0119,25.68,3.25,1.465,0.715,24.19,0.438,False,0.0641,1.9406,15.126,False
False,-0.0114,-0.0119,25.68,3.25,1.465,0.715,24.19,0.438,False,0.3065,0.4716,0.0,False
True,-0.0084,-0.0196,24.33,6.4,1.593,1.131,26.42,0.401,False,0.0663,3.7297,18.402,False
False,-0.0084,-0.0196,24.33,6.4,1.593,1.131,26.42,0.401,False,0.3077,1.1283,0.0,False
True,-0.0073,-0.0031,44.0,3.54,0.862,0.893,31.96,0.487,False,0.0345,20.7507,13.248,False
False,-0.0073,-0.0031,44.0,3.54,0.862,0.893,31.96,0.487,False,0.1199,5.9505,0.0,False
True,-0.058,-0.0169,28.07,8.17,0.88,0.88,25.91,0.643,False,0.094,10.4361,14.664,False
False,-0.058,-0.0169,28.07,8.17,0.88,0.88,25.91,0.643,False,0.1965,4.9074,0.0,False
True,-0.0322,-0.0194,40.33,2.05,1.453,1.19,32.53,0.544,True,1.4389,0.4261,17.366,False
False,-0.0322,-0.0194,40.33,2.05,1.453,1.19,32.53,0.544,True,0.3337,1.2534,0.0,False
True,0.0248,-0.006,27.59,10.57,1.661,0.753,28.64,0.495,True,0.9873,0.2424,12.794,False
False,0.0248,-0.006,27.59,10.57,1.661,0.753,28.64,0.495,True,1.1836,0.2538,0.0,False
True,-0.0384,-0.0048,25.06,8.82,1.034,0.83,23.47,0.661,False,0.0237,21.4563,12.346,False
False,-0.0384,-0.0048,25.06,8.82,1.034,0.83,23.47,0.661,False,0.1947,2.6261,0.0,False
True,-0.0566,-0.0104,20.02,10.54,1.652,1.394,34.89,0.559,True,0.4786,2.4976,12.912,False
False,-0.0566,-0.0104,20.02,10.54,1.652,1.394,34.89,0.559,False,0.2889,5.8907,0.0,False
True,0.005,-0.0191,32.08,13.36,1.609,0.833,20.66,0.709,False,0.3691,1.9837,25.0,False
False,0.005,-0.0191,32.08,13.36,1.609,0.833,20.66,0.709,False,0.2477,3.5452,0.0,False
True,-0.0108,-0.0128,28.48,9.25,1.527,1.244,31.62,0.417,False,0.1312,5.4252,14.156,False
False,-0.0108,-0.0128,28.48,9.25,1.527,1.244,31.62,0.417,False,0.5443,1.1786,0.0,False
True,-0.0415,-0.017,39.58,8.37,0.907,0.821,24.32,0.493,False,0.1809,5.767,18.77,False
False,-0.0415,-0.017,39.58,8.37,0.907,0.821,24.32,0.493,False,0.2718,4.5925,0.0,False
True,-0.0058,-0.0068,37.2,5.07,1.212,0.825,30.9,0.478,False,0.1577,4.3193,12.522,False
False,-0.0058,-0.0068,37.2,5.07,1.212,0.825,30.9,0.478,False,0.6581,0.8267,0.0,False
True,-0.0054,-0.0073,36.17,2.9,1.714,1.217,23.74,0.545,False,0.0071,15.0829,12.236,False
False,-0.0054,-0.0073,36.17,2.9,1.714,1.217,23.74,0.545,False,0.296,0.8446,0.0,False
True,-0.0303,0.0071,42.4,14.01,0.991,1.021,36.21,0.598,False,0.2937,5.4401,2.998,False
False,-0.0303,0.0071,42.4,14.01,0.991,1.021,36.21,0.598,True,1.7047,0.4792,0.0,False
True,-0.0687,0.0043,41.51,12.63,0.937,0.819,29.78,0.452,True,2.247,0.848,9.738,False
False,-0.0687,0.0043,41.51,12.63,0.937,0.819,29.78,0.452,False,1.4174,1.4197,0.0,False
True,-0.0104,0.0007,30.59,7.63,0.973,0.844,25.93,0.417,False,0.0323,7.1296,13.856,False
False,-0.0104,0.0007,30.59,7.63,0.973,0.844,25.93,0.417,False,0.1222,2.1029,0.0,False
True,-0.0278,-0.0091,27.21,14.46,1.089,1.058,27.4,0.483,False,0.1636,6.2696,12.73,False
False,-0.0278,-0.0091,27.21,14.46,1.089,1.058,27.4,0.483,False,0.3139,3.132,0.0,False
True,-0.0103,0.0068,43.02,12.42,1.451,1.115,39.8,0.614,False,0.0312,34.0269,2.998,False
False,-0.0103,0.0068,43.02,12.42,1.451,1.115,39.8,0.614,False,0.13,8.062,0.0,False
True,-0.0137,-0.0044,40.09,9.7,1.436,0.96,32.44,0.773,False,0.0468,15.2632,13.146,False
False,-0.0137,-0.0044,40.09,9.7,1.436,0.96,32.44,0.773,True,0.8345,0.8441,0.0,False
True,-0.067,-0.014,35.99,5.58,1.309,1.258,36.2,0.712,False,2.0987,1.7859,12.136,True
False,-0.067,-0.014,35.99,5.58,1.309,1.258,36.2,0.712,True,0.3413,1.1351,0.0,False
True,-0.0175,-0.0024,37.61,2.67,0.916,0.898,21.69,0.738,False,0.0283,6.2573,12.024,False
False,-0.0175,-0.0024,37.61,2.67,0.916,0.898,21.69,0.738,False,0.1032,1.9365,0.0,False
True,-0.0367,-0.0197,31.45,4.76,1.686,0.791,33.72,0.705,True,0.3348,4.1023,20.058,False
False,-0.0367,-0.0197,31.45,4.76,1.686,0.791,33.72,0.705,True,0.4378,0.4314,0.0,False
True,-0.0476,-0.0026,40.96,9.31,0.887,0.961,30.98,0.682,False,0.3599,5.064,12.914,False
False,-0.0476,-0.0026,40.96,9.31,0.887,0.961,30.98,0.682,False,2.2885,0.9134,0.0,True
True,0.0152,-0.0118,41.68,4.79,1.646,1.093,35.22,0.426,True,0.9419,0.4945,15.09,False
False,0.0152,-0.0118,41.68,4.79,1.646,1.093,35.22,0.426,True,0.1215,3.5833,0.0,False
True,-0.018,0.0094,28.41,10.18,1.025,0.861,27.49,0.446,False,0.3005,1.8618,2.998,False
False,-0.018,0.0094,28.41,10.18,1.025,0.861,27.49,0.446,False,0.4011,1.3877,0.0,False
True,-0.0278,-0.0144,39.08,9.56,1.018,1.169,28.9,0.788,True,0.645,0.6144,15.536,False
False,-0.0278,-0.0144,39.08,9.56,1.018,1.169,28.9,0.788,True,0.7967,0.682,0.0,False
True,-0.0639,-0.0018,36.71,3.65,1.506,1.379,31.38,0.546,True,2.0449,0.6835,11.77,False
False,-0.0639,-0.0018,36.71,3.65,1.506,1.379,31.38,0.546,True,0.3341,0.5491,0.0,False
True,-0.0346,-0.0052,30.22,9.5,1.514,1.155,23.82,0.405,False,0.2746,1.8244,12.306,False
False,-0.0346,-0.0052,30.22,9.5,1.514,1.155,23.82,0.405,False,0.2332,2.1406,0.0,False
True,-0.0337,0.0025,33.75,3.14,1.613,0.93,21.48,0.655,False,0.0342,8.3199,9.618,False
False,-0.0337,0.0025,33.75,3.14,1.613,0.93,21.48,0.655,False,0.2068,1.8475,0.0,False
True,-0.0689,-0.0096,31.66,12.0,1.654,0.701,32.32,0.634,True,0.8325,0.5812,11.65,False
False,-0.0689,-0.0096,31.66,12.0,1.654,0.701,32.32,0.634,False,3.1617,0.6112,0.0,True
True,0.0041,0.0003,37.93,6.16,0.807,0.753,29.32,0.702,False,0.0254,9.2048,5.392,False
False,0.0041,0.0003,37.93,6.16,0.807,0.753,29.32,0.702,False,0.1146,3.028,0.0,False
True,-0.0288,0.0011,20.47,3.89,1.49,0.896,36.03,0.69,False,0.1847,1.8842,9.372,False
False,-0.0288,0.0011,20.47,3.89,1.49,0.896,36.03,0.69,False,0.1761,1.8804,0.0,False
True,-0.0069,-0.0015,32.78,2.75,1.498,1.014,39.06,0.522,False,0.1958,3.4151,13.624,False
False,-0.0069,-0.0015,32.78,2.75,1.498,1.014,39.06,0.522,True,0.5774,0.4914,0.0,False
True,-0.0487,0.0072,29.37,5.11,1.081,0.73,28.75,0.448,False,0.595,1.317,2.998,False
False,-0.0487,0.0072,29.37,5.11,1.081,0.73,28.75,0.448,False,0.1206,6.2746,0.0,False
True,-0.0317,-0.0021,31.27,6.77,1.534,1.376,27.12,0.596,False,0.1334,4.705,12.524,False
False,-0.0317,-0.0021,31.27,6.77,1.534,1.376,27.12,0.596,False,0.0791,7.914,0.0,False
True,-0.0064,0.0079,21.08,14.15,1.243,1.089,33.25,0.476,False,0.0836,9.022,2.998,False
False,-0.0064,0.0079,21.08,14.15,1.243,1.089,33.25,0.476,False,0.1434,5.5467,0.0,False
True,0.0073,-0.0077,24.24,11.18,0.941,0.787,27.09,0.711,False,0.0441,6.0301,12.652,False
False,0.0073,-0.0077,24.24,11.18,0.941,0.787,27.09,0.711,True,0.8052,0.5713,0.0,False
True,-0.011,-0.0158,31.01,2.52,0.946,1.11,24.14,0.403,False,0.1816,1.1318,15.502,False
False,-0.011,-0.0158,31.01,2.52,0.946,1.11,24.14,0.403,False,0.3323,0.8513,0.0,False
True,-0.0027,-0.0073,21.15,9.34,1.096,1.276,32.76,0.587,False,0.0213,11.3175,12.264,False
False,-0.0027,-0.0073,21.15,9.34,1.096,1.276,32.76,0.587,False,0.2637,1.3793,0.0,False
True,-0.0463,0.0027,23.29,6.44,1.384,0.882,30.38,0.734,False,0.2044,3.7101,9.412,False
False,-0.0463,0.0027,23.29,6.44,1.384,0.882,30.38,0.734,False,0.279,2.6072,0.0,False
True,-0.064,0.0083,41.24,5.32,1.037,0.849,28.01,0.628,False,0.1616,10.1185,2.998,False
False,-0.064,0.0083,41.24,5.32,1.037,0.849,28.01,0.628,False,0.2496,7.3832,0.0,False
True,-0.0276,-0.0086,43.79,6.67,1.053,1.035,38.75,0.723,True,0.5693,1.4777,12.9,False
False,-0.0276,-0.0086,43.79,6.67,1.053,1.035,38.75,0.723,True,0.1805,1.919,0.0,False
True,-0.0665,-0.0092,32.82,13.86,1.27,1.281,31.2,0.585,True,0.3263,2.6828,11.792,False
False,-0.0665,-0.0092,32.82,13.86,1.27,1.281,31.2,0.585,True,1.0511,1.7613,0.0,False
True,-0.0115,-0.0102,21.53,3.18,1.53,1.179,39.38,0.749,False,0.0216,6.8473,14.338,False
False,-0.0115,-0.0102,21.53,3.18,1.53,1.179,39.38,0.749,False,0.2833,1.1119,0.0,False
True,-0.0127,-0.0079,41.8,9.09,1.449,1.229,25.33,0.464,False,0.051,12.3112,12.32,False
False,-0.0127,-0.0079,41.8,9.09,1.449,1.229,25.33,0.464,False,0.1467,5.6651,0.0,False
True,-0.0413,-0.0024,37.16,8.62,1.553,0.704,21.35,0.447,False,0.2244,2.8401,14.156,False
False,-0.0413,-0.0024,37.16,8.62,1.553,0.704,21.35,0.447,False,0.2054,2.5365,0.0,False
True,-0.0535,-0.0111,24.08,3.63,1.574,1.077,37.48,0.536,True,1.0191,0.9884,12.332,False
False,-0.0535,-0.0111,24.08,3.63,1.574,1.077,37.48,0.536,True,0.442,0.408,0.0,False
True,-0.0434,-0.0035,31.88,13.69,1.721,1.133,22.23,0.71,False,0.2017,5.7018,12.952,False
False,-0.0434,-0.0035,31.88,13.69,1.721,1.133,22.23,0.71,False,0.4083,2.6946,0.0,False
True,-0.0242,0.0098,24.38,11.4,1.513,1.063,29.25,0.497,False,0.3339,2.2859,2.998,False
False,-0.0242,0.0098,24.38,11.4,1.513,1.063,29.25,0.497,False,0.1099,6.6403,0.0,False
True,-0.0359,0.0093,40.79,8.27,0.865,1.173,29.22,0.62,False,0.3599,3.6511,2.998,False
False,-0.0359,0.0093,40.79,8.27,0.865,1.173,29.22,0.62,False,0.2211,5.809,0.0,False
True,0.0085,-0.0148,21.78,13.14,1.288,1.318,25.4,0.593,False,0.0557,7.3857,19.16,False
False,0.0085,-0.0148,21.78,13.14,1.288,1.318,25.4,0.593,True,0.9599,0.4708,0.0,False
True,0.0036,-0.0015,27.7,8.88,1.057,0.839,39.48,0.729,False,0.11,4.2791,11.992,False
False,0.0036,-0.0015,27.7,8.88,1.057,0.839,39.48,0.729,False,0.2252,2.7013,0.0,False
True,-0.0148,0.0091,35.09,13.13,1.27,1.374,34.63,0.685,False,0.1145,8.6512,2.998,False
False,-0.0148,0.0091,35.09,13.13,1.27,1.374,34.63,0.685,False,0.1943,4.9103,0.0,False
True,0.015,-0.0067,23.11,13.54,0.894,1.107,39.65,0.406,False,0.2928,2.9044,12.232,False
False,0.015,-0.0067,23.11,13.54,0.894,1.107,39.65,0.406,True,0.8453,0.2702,0.0,False
True,-0.0646,0.0055,30.12,3.78,1.454,1.199,33.57,0.527,False,0.256,6.4273,2.998,False
False,-0.0646,0.0055,30.12,3.78,1.454,1.199,33.57,0.527,False,0.4255,4.1343,0.0,False
True,0.0064,-0.0012,35.11,11.08,1.126,1.34,36.4,0.747,False,0.3483,1.4354,12.578,False
False,0.0064,-0.0012,35.11,11.08,1.126,1.34,36.4,0.747,False,0.1647,3.2979,0.0,False
True,-0.0106,-0.0099,20.26,4.93,1.482,0.974,22.37,0.716,False,0.0074,6.8835,14.688,False
False,-0.0106,-0.0099,20.26,4.93,1.482,0.974,22.37,0.716,False,0.252,0.4735,0.0,False
True,-0.005,-0.0111,33.21,10.11,1.53,0.713,21.95,0.665,False,0.0259,12.5019,14.788,False
False,-0.005,-0.0111,33.21,10.11,1.53,0.713,21.95,0.665,False,1.0903,0.8499,0.0,False
True,-0.0176,0.0085,22.76,8.1,1.18,1.226,38.86,0.762,False,0.1588,5.1773,2.998,False
False,-0.0176,0.0085,22.76,8.1,1.18,1.226,38.86,0.762,False,0.2004,4.0006,0.0,False
True,-0.0528,-0.0126,25.03,7.98,1.503,1.302,21.16,0.577,False,0.0441,8.7179,14.376,False
False,-0.0528,-0.0126,25.03,7.98,1.503,1.302,21.16,0.577,False,0.2912,1.5294,0.0,False
True,-0.0025,0.0023,31.72,6.04,1.104,1.377,33.44,0.783,False,0.0022,186.9785,11.072,False
False,-0.0025,0.0023,31.72,6.04,1.104,1.377,33.44,0.783,False,0.288,1.4576,0.0,False
True,-0.0516,0.0052,44.1,13.89,1.206,0.883,22.29,0.626,False,0.3257,4.6914,11.126,False
False,-0.0516,0.0052,44.1,13.89,1.206,0.883,22.29,0.626,False,0.5212,2.966,0.0,False
True,-0.0444,-0.01,28.85,7.5,0.832,0.739,28.2,0.461,False,0.2848,2.4922,13.204,False
False,-0.0444,-0.01,28.85,7.5,0.832,0.739,28.2,0.461,False,0.1989,3.185,0.0,False
True,-0.0509,-0.0058,36.09,9.77,1.377,0.749,30.3,0.432,False,1.2228,1.3196,14.14,False
False,-0.0509,-0.0058,36.09,9.77,1.377,0.749,30.3,0.432,False,0.7032,2.3242,0.0,False
True,0.0155,0.0004,38.94,7.1,0.839,1.291,30.83,0.507,False,0.2381,1.4117,13.018,False
False,0.0155,0.0004,38.94,7.1,0.839,1.291,30.83,0.507,False,0.2677,1.2867,0.0,False
True,-0.0134,-0.0173,26.91,2.63,0.933,1.336,31.7,0.65,False,0.0547,5.0818,17.29,False
False,-0.0134,-0.0173,26.91,2.63,0.933,1.336,31.7,0.65,False,0.2281,1.6174,0.0,False
True,-0.0667,-0.0098,38.69,3.26,0.889,1.303,24.89,0.511,False,0.2074,7.2087,11.846,False
False,-0.0667,-0.0098,38.69,3.26,0.889,1.303,24.89,0.511,False,0.3057,4.9612,0.0,False
True,0.0168,-0.0122,23.92,3.49,1.325,0.923,20.51,0.78,False,0.0054,11.3989,17.442,False
False,0.0168,-0.0122,23.92,3.49,1.325,0.923,20.51,0.78,False,0.2809,0.2528,0.0,False
True,0.0074,-0.0104,32.33,11.38,1.71,0.774,29.47,0.427,False,0.0497,10.0309,16.77,False
False,0.0074,-0.0104,32.33,11.38,1.71,0.774,29.47,0.427,True,0.5577,0.7415,0.0,False
True,-0.045,0.0048,42.02,6.95,1.083,0.877,28.49,0.445,False,1.0241,1.4855,10.11,False
False,-0.045,0.0048,42.02,6.95,1.083,0.877,28.49,0.445,False,1.1021,1.4985,0.0,False
True,0.0137,0.0006,22.99,14.24,1.151,1.261,33.74,0.469,True,0.9047,0.1747,4.518,False
False,0.0137,0.0006,22.99,14.24,1.151,1.261,33.74,0.469,False,0.3305,1.4949,0.0,False
True,-0.0356,-0.0119,29.03,9.26,0.885,1.059,28.57,0.686,False,2.2237,0.6533,14.254,True
False,-0.0356,-0.0119,29.03,9.26,0.885,1.059,28.57,0.686,True,0.1844,1.3624,0.0,False
True,-0.06,-0.0085,44.58,11.86,1.191,1.046,38.82,0.799,True,1.3162,1.4414,13.812,False
False,-0.06,-0.0085,44.58,11.86,1.191,1.046,38.82,0.799,True,0.5127,0.7745,0.0,False
True,-0.0007,-0.0116,37.34,10.29,1.186,0.908,30.32,0.726,True,0.8733,0.5845,16.714,False
False,-0.0007,-0.0116,37.34,10.29,1.186,0.908,30.32,0.726,True,0.7622,0.6697,0.0,False
True,-0.0385,0.0054,36.65,12.33,1.714,0.885,30.53,0.785,False,0.2045,7.1344,2.998,False
False,-0.0385,0.0054,36.65,12.33,1.714,0.885,30.53,0.785,False,0.2122,6.7375,0.0,False
True,0.0135,-0.0047,39.79,10.37,1.11,1.031,28.19,0.49,False,0.3208,1.1445,11.562,False
False,0.0135,-0.0047,39.79,10.37,1.11,1.031,28.19,0.49,False,0.0978,4.6331,0.0,False
True,-0.0377,-0.0012,32.73,11.51,1.649,0.976,38.99,0.745,True,1.6833,1.053,13.44,False
False,-0.0377,-0.0012,32.73,11.51,1.649,0.976,38.99,0.745,False,0.2277,6.8268,0.0,False
True,0.0161,0.0077,24.82,14.37,1.177,1.184,31.17,0.656,False,0.0956,4.6479,2.998,False
False,0.0161,0.0077,24.82,14.37,1.177,1.184,31.17,0.656,False,0.1914,2.4312,0.0,False
True,-0.0518,0.0067,35.68,11.44,1.411,1.307,29.62,0.707,False,0.2132,8.1801,2.998,False
False,-0.0518,0.0067,35.68,11.44,1.411,1.307,29.62,0.707,False,2.6616,0.7757,0.0,True
True,0.018,-0.0025,32.96,14.5,1.669,0.931,30.63,0.496,False,0.235,1.9123,14.698,False
False,0.018,-0.0025,32.96,14.5,1.669,0.931,30.63,0.496,False,0.0654,7.5786,0.0,False
True,-0.0391,-0.0152,35.9,12.06,0.931,0.747,20.62,0.53,False,0.0504,13.5809,13.764,False
False,-0.0391,-0.0152,35.9,12.06,0.931,0.747,20.62,0.53,False,0.3754,2.049,0.0,False
True,-0.0305,-0.0137,36.87,14.45,1.302,0.958,35.74,0.621,True,0.9787,0.6593,15.6,False
False,-0.0305,-0.0137,36.87,14.45,1.302,0.958,35.74,0.621,True,0.8699,0.3283,0.0,False
True,-0.0554,-0.0184,31.96,8.16,0.963,1.015,28.63,0.63,False,0.5619,2.5994,17.146,False
False,-0.0554,-0.0184,31.96,8.16,0.963,1.015,28.63,0.63,True,0.56,1.5382,0.0,False
True,0.0228,0.0062,22.86,8.76,1.658,0.993,28.48,0.684,False,0.0212,10.847,2.998,False
False,0.0228,0.0062,22.86,8.76,1.658,0.993,28.48,0.684,False,0.4712,0.588,0.0,False
True,-0.0372,-0.0107,37.89,5.81,1.209,0.903,35.05,0.402,True,0.7815,0.4308,12.484,False
False,-0.0372,-0.0107,37.89,5.81,1.209,0.903,35.05,0.402,True,0.6131,1.8984,0.0,False
True,-0.0286,0.0003,29.59,11.92,1.226,1.379,38.08,0.504,False,0.4388,3.5577,9.49,False
False,-0.0286,0.0003,29.59,11.92,1.226,1.379,38.08,0.504,False,0.2205,6.8601,0.0,False
True,-0.0511,-0.0184,21.34,12.79,1.489,0.893,25.26,0.657,True,0.8223,0.7372,15.374,False
False,-0.0511,-0.0184,21.34,12.79,1.489,0.893,25.26,0.657,False,0.1974,6.5319,0.0,False
True,-0.008,0.0063,39.45,14.55,0.892,1.275,35.63,0.424,False,0.1778,6.0489,2.998,False
False,-0.008,0.0063,39.45,14.55,0.892,1.275,35.63,0.424,True,0.5511,0.7661,0.0,False
True,0.0001,-0.0166,25.23,11.59,1.567,0.917,20.99,0.519,False,0.0651,3.8544,25.0,False
False,0.0001,-0.0166,25.23,11.59,1.567,0.917,20.99,0.519,False,0.3999,0.6768,0.0,False
